Dex Number,Name,Family Number,Stage Number,In Game,Evolve Cost,Can Evolve,Can Mega,Special Type,Evolution Item,Can Trade,Shiny Released,Shadow Released,Purify Cost
1,Bulbasaur,1,1,TRUE,25,TRUE,FALSE,,,TRUE,TRUE,,3000
2,Ivysaur,1,2,TRUE,100,TRUE,FALSE,,,TRUE,TRUE,,3000
3,Venusaur,1,3,TRUE,,FALSE,TRUE,,,TRUE,TRUE,,3000
4,Charmander,2,1,TRUE,25,TRUE,FALSE,,,TRUE,TRUE,,3000
5,Charmeleon,2,2,TRUE,100,TRUE,FALSE,,,TRUE,TRUE,,3000
6,Charizard,2,3,TRUE,,FALSE,TRUE,,,TRUE,TRUE,,3000
7,Squirtle,3,1,TRUE,25,TRUE,FALSE,,,TRUE,TRUE,,3000
8,Wartortle,3,2,TRUE,100,TRUE,FALSE,,,TRUE,TRUE,,3000
9,Blastoise,3,3,TRUE,,FALSE,TRUE,,,TRUE,TRUE,,3000
10,Caterpie,4,1,TRUE,12,TRUE,FALSE,,,TRUE,TRUE,,
11,Metapod,4,2,TRUE,50,TRUE,FALSE,,,TRUE,TRUE,,
12,Butterfree,4,3,TRUE,,FALSE,FALSE,,,TRUE,TRUE,,
13,Weedle,5,1,TRUE,12,TRUE,FALSE,,,TRUE,TRUE,,1000
14,Kakuna,5,2,TRUE,50,TRUE,FALSE,,,TRUE,TRUE,,1000
15,Beedrill,5,3,TRUE,,FALSE,FALSE,,,TRUE,TRUE,,1000
16,Pidgey,6,1,TRUE,12,TRUE,FALSE,,,TRUE,TRUE,,1000
17,Pidgeotto,6,2,TRUE,50,TRUE,FALSE,,,TRUE,TRUE,,1000
18,Pidgeot,6,3,TRUE,,FALSE,TRUE,,,TRUE,TRUE,,1000
19,Rattata,7,1,TRUE,25,TRUE,FALSE,,,TRUE,TRUE,,1000
20,Raticate,7,2,TRUE,,FALSE,FALSE,,,TRUE,TRUE,,1000
21,Spearow,8,1,TRUE,50,TRUE,FALSE,,,TRUE,TRUE,,
22,Fearow,8,2,TRUE,,FALSE,FALSE,,,TRUE,TRUE,,
23,Ekans,9,1,TRUE,50,TRUE,FALSE,,,TRUE,TRUE,,3000
24,Arbok,9,2,TRUE,,FALSE,FALSE,,,TRUE,TRUE,,3000
25,Pikachu,10,1,TRUE,50,TRUE,FALSE,,,TRUE,TRUE,,
26,Raichu,10,2,TRUE,,FALSE,FALSE,,,TRUE,TRUE,,
27,Sandshrew,11,1,TRUE,50,TRUE,FALSE,,,TRUE,TRUE,,3000
28,Sandslash,11,2,TRUE,,FALSE,FALSE,,,TRUE,TRUE,,3000
29,Nidoran♀,12,1,TRUE,25,TRUE,FALSE,,,TRUE,TRUE,,3000
30,Nidorina,12,2,TRUE,100,TRUE,FALSE,,,TRUE,TRUE,,3000
31,Nidoqueen,12,3,TRUE,,FALSE,FALSE,,,TRUE,TRUE,,3000
32,Nidoran♂,13,1,TRUE,25,TRUE,FALSE,,,TRUE,TRUE,,3000
33,Nidorino,13,2,TRUE,100,TRUE,FALSE,,,TRUE,TRUE,,3000
34,Nidoking,13,3,TRUE,,FALSE,FALSE,,,TRUE,TRUE,,3000
35,Clefairy,14,1,TRUE,50,TRUE,FALSE,,,TRUE,TRUE,,
36,Clefable,14,2,TRUE,,FALSE,FALSE,,,TRUE,TRUE,,
37,Vulpix,15,1,TRUE,50,TRUE,FALSE,,,TRUE,TRUE,,3000
38,Ninetales,15,2,TRUE,,FALSE,FALSE,,,TRUE,TRUE,,3000
39,Jigglypuff,16,1,TRUE,50,TRUE,FALSE,,,TRUE,TRUE,,
40,Wigglytuff,16,2,TRUE,,FALSE,FALSE,,,TRUE,TRUE,,
41,Zubat,17,1,TRUE,25,TRUE,FALSE,,,TRUE,TRUE,,1000
42,Golbat,17,2,TRUE,100,TRUE,FALSE,,,TRUE,TRUE,,1000
43,Oddish,18,1,TRUE,25,TRUE,FALSE,,,TRUE,TRUE,,3000
44,Gloom,18,2,TRUE,100,TRUE,FALSE,,,TRUE,TRUE,,3000
45,Vileplume,18,3,TRUE,,FALSE,FALSE,,,TRUE,TRUE,,3000
46,Paras,19,1,TRUE,50,TRUE,FALSE,,,TRUE,TRUE,,
47,Parasect,19,2,TRUE,,FALSE,FALSE,,,TRUE,TRUE,,
48,Venonat,20,1,TRUE,50,TRUE,FALSE,,,TRUE,TRUE,,3000
49,Venomoth,20,2,TRUE,,FALSE,FALSE,,,TRUE,TRUE,,3000
50,Diglett,21,1,TRUE,50,TRUE,FALSE,,,TRUE,TRUE,,3000
51,Dugtrio,21,2,TRUE,,FALSE,FALSE,,,TRUE,TRUE,,3000
52,Meowth,22,1,TRUE,50,TRUE,FALSE,,,TRUE,TRUE,,3000
53,Persian,22,2,TRUE,,FALSE,FALSE,,,TRUE,TRUE,,3000
54,Psyduck,23,1,TRUE,50,TRUE,FALSE,,,TRUE,TRUE,,3000
55,Golduck,23,2,TRUE,,FALSE,FALSE,,,TRUE,TRUE,,3000
56,Mankey,24,1,TRUE,50,TRUE,FALSE,,,TRUE,TRUE,,3000
57,Primeape,24,2,TRUE,100,TRUE,FALSE,,,TRUE,TRUE,,3000
58,Growlithe,25,1,TRUE,50,TRUE,FALSE,,,TRUE,TRUE,,3000
59,Arcanine,25,2,TRUE,,FALSE,FALSE,,,TRUE,TRUE,,3000
60,Poliwag,26,1,TRUE,25,TRUE,FALSE,,,TRUE,TRUE,,3000
61,Poliwhirl,26,2,TRUE,100,TRUE,FALSE,,,TRUE,TRUE,,3000
62,Poliwrath,26,3,TRUE,,FALSE,FALSE,,,TRUE,TRUE,,3000
63,Abra,27,1,TRUE,25,TRUE,FALSE,,,TRUE,TRUE,,3000
64,Kadabra,27,2,TRUE,100,TRUE,FALSE,,,TRUE,TRUE,,3000
65,Alakazam,27,3,TRUE,,FALSE,TRUE,,,TRUE,TRUE,,3000
66,Machop,28,1,TRUE,25,TRUE,FALSE,,,TRUE,TRUE,,3000
67,Machoke,28,2,TRUE,100,TRUE,FALSE,,,TRUE,TRUE,,3000
68,Machamp,28,3,TRUE,,FALSE,FALSE,,,TRUE,TRUE,,3000
69,Bellsprout,29,1,TRUE,25,TRUE,FALSE,,,TRUE,TRUE,,3000
70,Weepinbell,29,2,TRUE,100,TRUE,FALSE,,,TRUE,TRUE,,3000
71,Victreebel,29,3,TRUE,,FALSE,FALSE,,,TRUE,TRUE,,3000
72,Tentacool,30,1,TRUE,50,TRUE,FALSE,,,TRUE,TRUE,,3000
73,Tentacruel,30,2,TRUE,,FALSE,FALSE,,,TRUE,TRUE,,3000
74,Geodude,31,1,TRUE,25,TRUE,FALSE,,,TRUE,TRUE,,1000
75,Graveler,31,2,TRUE,100,TRUE,FALSE,,,TRUE,TRUE,,1000
76,Golem,31,3,TRUE,,FALSE,FALSE,,,TRUE,TRUE,,1000
77,Ponyta,32,1,TRUE,50,TRUE,FALSE,,,TRUE,TRUE,,
78,Rapidash,32,2,TRUE,,FALSE,FALSE,,,TRUE,TRUE,,
79,Slowpoke,33,1,TRUE,50,TRUE,FALSE,,,TRUE,TRUE,,3000
80,Slowbro,33,2,TRUE,,FALSE,TRUE,,,TRUE,TRUE,,3000
81,Magnemite,34,1,TRUE,25,TRUE,FALSE,,,TRUE,TRUE,,3000
82,Magneton,34,2,TRUE,100,TRUE,FALSE,,,TRUE,TRUE,,3000
83,Farfetch'd,35,1,TRUE,50,TRUE,FALSE,,,TRUE,TRUE,,
84,Doduo,36,1,TRUE,50,TRUE,FALSE,,,TRUE,TRUE,,
85,Dodrio,36,2,TRUE,,FALSE,FALSE,,,TRUE,TRUE,,
86,Seel,37,1,TRUE,50,TRUE,FALSE,,,TRUE,TRUE,,
87,Dewgong,37,2,TRUE,,FALSE,FALSE,,,TRUE,TRUE,,
88,Grimer,38,1,TRUE,50,TRUE,FALSE,,,TRUE,TRUE,,3000
89,Muk,38,2,TRUE,,FALSE,FALSE,,,TRUE,TRUE,,3000
90,Shellder,39,1,TRUE,50,TRUE,FALSE,,,TRUE,TRUE,,3000
91,Cloyster,39,2,TRUE,,FALSE,FALSE,,,TRUE,TRUE,,3000
92,Gastly,40,1,TRUE,25,TRUE,FALSE,,,TRUE,TRUE,,3000
93,Haunter,40,2,TRUE,100,TRUE,FALSE,,,TRUE,TRUE,,3000
94,Gengar,40,3,TRUE,,FALSE,TRUE,,,TRUE,TRUE,,3000
95,Onix,41,1,TRUE,50,TRUE,FALSE,,,TRUE,TRUE,,5000
96,Drowzee,42,1,TRUE,50,TRUE,FALSE,,,TRUE,TRUE,,3000
97,Hypno,42,2,TRUE,,FALSE,FALSE,,,TRUE,TRUE,,3000
98,Krabby,43,1,TRUE,50,TRUE,FALSE,,,TRUE,TRUE,,
99,Kingler,43,2,TRUE,,FALSE,FALSE,,,TRUE,TRUE,,
100,Voltorb,44,1,TRUE,50,TRUE,FALSE,,,TRUE,TRUE,,3000
101,Electrode,44,2,TRUE,,FALSE,FALSE,,,TRUE,TRUE,,3000
102,Exeggcute,45,1,TRUE,50,TRUE,FALSE,,,TRUE,TRUE,,3000
103,Exeggutor,45,2,TRUE,,FALSE,FALSE,,,TRUE,TRUE,,3000
104,Cubone,46,1,TRUE,50,TRUE,FALSE,,,TRUE,TRUE,,3000
105,Marowak,46,2,TRUE,,FALSE,FALSE,,,TRUE,TRUE,,3000
106,Hitmonlee,47,1,TRUE,,FALSE,FALSE,,,TRUE,TRUE,,5000
107,Hitmonchan,47,1,TRUE,,FALSE,FALSE,,,TRUE,TRUE,,5000
108,Lickitung,48,1,TRUE,100,TRUE,FALSE,,,TRUE,TRUE,,
109,Koffing,49,1,TRUE,50,TRUE,FALSE,,,TRUE,TRUE,,3000
110,Weezing,49,2,TRUE,,FALSE,FALSE,,,TRUE,TRUE,,3000
111,Rhyhorn,50,1,TRUE,25,TRUE,FALSE,,,TRUE,TRUE,,3000
112,Rhydon,50,2,TRUE,100,TRUE,FALSE,,,TRUE,TRUE,,3000
113,Chansey,51,1,TRUE,50,TRUE,FALSE,,,TRUE,TRUE,,
114,Tangela,52,1,TRUE,100,TRUE,FALSE,,,TRUE,TRUE,,3000
115,Kangaskhan,53,1,TRUE,,FALSE,TRUE,,,TRUE,TRUE,,
116,Horsea,54,1,TRUE,25,TRUE,FALSE,,,TRUE,TRUE,,3000
117,Seadra,54,2,TRUE,100,TRUE,FALSE,,,TRUE,TRUE,,3000
118,Goldeen,55,1,TRUE,50,TRUE,FALSE,,,TRUE,TRUE,,
119,Seaking,55,2,TRUE,,FALSE,FALSE,,,TRUE,TRUE,,
120,Staryu,56,1,TRUE,50,TRUE,FALSE,,,TRUE,TRUE,,
121,Starmie,56,2,TRUE,,FALSE,FALSE,,,TRUE,TRUE,,
122,Mr. Mime,57,1,TRUE,50,TRUE,FALSE,,,TRUE,TRUE,,
123,Scyther,58,1,TRUE,50,TRUE,FALSE,,,TRUE,TRUE,,5000
124,Jynx,59,1,TRUE,,FALSE,FALSE,,,TRUE,TRUE,,
125,Electabuzz,60,1,TRUE,100,TRUE,FALSE,,,TRUE,TRUE,,5000
126,Magmar,61,1,TRUE,100,TRUE,FALSE,,,TRUE,TRUE,,5000
127,Pinsir,62,1,TRUE,,FALSE,TRUE,,,TRUE,TRUE,,5000
128,Tauros,63,1,TRUE,,FALSE,FALSE,,,TRUE,TRUE,,
129,Magikarp,64,1,TRUE,400,TRUE,FALSE,,,TRUE,TRUE,,1000
130,Gyarados,64,2,TRUE,,FALSE,TRUE,,,TRUE,TRUE,,1000
131,Lapras,65,1,TRUE,,FALSE,FALSE,,,TRUE,TRUE,,5000
132,Ditto,66,1,TRUE,,FALSE,FALSE,,,TRUE,TRUE,,
133,Eevee,67,1,TRUE,25,TRUE,FALSE,,,TRUE,TRUE,,
134,Vaporeon,67,2,TRUE,,FALSE,FALSE,,,TRUE,TRUE,,
135,Jolteon,67,2,TRUE,,FALSE,FALSE,,,TRUE,TRUE,,
136,Flareon,67,2,TRUE,,FALSE,FALSE,,,TRUE,TRUE,,
137,Porygon,68,1,TRUE,25,TRUE,FALSE,,,TRUE,TRUE,,3000
138,Omanyte,69,1,TRUE,50,TRUE,FALSE,,,TRUE,TRUE,,5000
139,Omastar,69,2,TRUE,,FALSE,FALSE,,,TRUE,TRUE,,5000
140,Kabuto,70,1,TRUE,50,TRUE,FALSE,,,TRUE,TRUE,,
141,Kabutops,70,2,TRUE,,FALSE,FALSE,,,TRUE,TRUE,,
142,Aerodactyl,71,1,TRUE,,FALSE,TRUE,,,TRUE,TRUE,,5000
143,Snorlax,72,1,TRUE,,FALSE,FALSE,,,TRUE,TRUE,,5000
144,Articuno,73,1,TRUE,,FALSE,FALSE,Legendary,,TRUE,TRUE,,20000
145,Zapdos,74,1,TRUE,,FALSE,FALSE,Legendary,,TRUE,TRUE,,20000
146,Moltres,75,1,TRUE,,FALSE,FALSE,Legendary,,TRUE,TRUE,,20000
147,Dratini,76,1,TRUE,25,TRUE,FALSE,,,TRUE,TRUE,,5000
148,Dragonair,76,2,TRUE,100,TRUE,FALSE,,,TRUE,TRUE,,5000
149,Dragonite,76,3,TRUE,,FALSE,FALSE,,,TRUE,TRUE,,5000
150,Mewtwo,77,1,TRUE,,FALSE,TRUE,Legendary,,TRUE,TRUE,,20000
151,Mew,78,1,TRUE,,FALSE,FALSE,Mythical,,FALSE,TRUE,,20000
152,Chikorita,79,1,TRUE,25,TRUE,FALSE,,,TRUE,TRUE,,3000
153,Bayleef,79,2,TRUE,100,TRUE,FALSE,,,TRUE,TRUE,,3000
154,Meganium,79,3,TRUE,,FALSE,FALSE,,,TRUE,TRUE,,3000
155,Cyndaquil,80,1,TRUE,25,TRUE,FALSE,,,TRUE,TRUE,,3000
156,Quilava,80,2,TRUE,100,TRUE,FALSE,,,TRUE,TRUE,,3000
157,Typhlosion,80,3,TRUE,,FALSE,FALSE,,,TRUE,TRUE,,3000
158,Totodile,81,1,TRUE,25,TRUE,FALSE,,,TRUE,TRUE,,3000
159,Croconaw,81,2,TRUE,100,TRUE,FALSE,,,TRUE,TRUE,,3000
160,Feraligatr,81,3,TRUE,,FALSE,FALSE,,,TRUE,TRUE,,3000
161,Sentret,82,1,TRUE,25,TRUE,FALSE,,,TRUE,TRUE,,
162,Furret,82,2,TRUE,,FALSE,FALSE,,,TRUE,TRUE,,
163,Hoothoot,83,1,TRUE,50,TRUE,FALSE,,,TRUE,TRUE,,
164,Noctowl,83,2,TRUE,,FALSE,FALSE,,,TRUE,TRUE,,
165,Ledyba,84,1,TRUE,25,TRUE,FALSE,,,TRUE,TRUE,,1000
166,Ledian,84,2,TRUE,,FALSE,FALSE,,,TRUE,TRUE,,1000
167,Spinarak,85,1,TRUE,50,TRUE,FALSE,,,TRUE,TRUE,,
168,Ariados,85,2,TRUE,,FALSE,FALSE,,,TRUE,TRUE,,
169,Crobat,17,3,TRUE,,FALSE,FALSE,,,TRUE,TRUE,,1000
170,Chinchou,86,1,TRUE,50,TRUE,FALSE,,,TRUE,TRUE,,
171,Lanturn,86,2,TRUE,,FALSE,FALSE,,,TRUE,TRUE,,
172,Pichu,10,0,TRUE,25,TRUE,FALSE,,,TRUE,TRUE,,
173,Cleffa,14,0,TRUE,25,TRUE,FALSE,,,TRUE,TRUE,,
174,Igglybuff,16,0,TRUE,25,TRUE,FALSE,,,TRUE,TRUE,,
175,Togepi,87,1,TRUE,25,TRUE,FALSE,,,TRUE,TRUE,,
176,Togetic,87,2,TRUE,100,TRUE,FALSE,,,TRUE,TRUE,,
177,Natu,88,1,TRUE,50,TRUE,FALSE,,,TRUE,TRUE,,3000
178,Xatu,88,2,TRUE,,FALSE,FALSE,,,TRUE,TRUE,,3000
179,Mareep,89,1,TRUE,25,TRUE,FALSE,,,TRUE,TRUE,,5000
180,Flaaffy,89,2,TRUE,100,TRUE,FALSE,,,TRUE,TRUE,,5000
181,Ampharos,89,3,TRUE,,FALSE,TRUE,,,TRUE,TRUE,,5000
182,Bellossom,18,3,TRUE,,FALSE,FALSE,,Sun Stone,TRUE,TRUE,,3000
183,Marill,90,2,TRUE,25,TRUE,FALSE,,,TRUE,TRUE,,
184,Azumarill,90,3,TRUE,,FALSE,FALSE,,,TRUE,TRUE,,
185,Sudowoodo,91,1,TRUE,,FALSE,FALSE,,,TRUE,TRUE,,5000
186,Politoed,26,3,TRUE,,FALSE,FALSE,,King’s Rock,TRUE,TRUE,,3000
187,Hoppip,92,1,TRUE,25,TRUE,FALSE,,,TRUE,TRUE,,3000
188,Skiploom,92,2,TRUE,100,TRUE,FALSE,,,TRUE,TRUE,,3000
189,Jumpluff,92,3,TRUE,,FALSE,FALSE,,,TRUE,TRUE,,3000
190,Aipom,93,1,TRUE,100,TRUE,FALSE,,,TRUE,TRUE,,3000
191,Sunkern,94,1,TRUE,50,TRUE,FALSE,,,TRUE,TRUE,,
192,Sunflora,94,2,TRUE,,FALSE,FALSE,,Sun Stone,TRUE,TRUE,,
193,Yanma,95,1,TRUE,100,TRUE,FALSE,,,TRUE,TRUE,,
194,Wooper,96,1,TRUE,50,TRUE,FALSE,,,TRUE,TRUE,,3000
195,Quagsire,96,2,TRUE,,FALSE,FALSE,,,TRUE,TRUE,,3000
196,Espeon,67,2,TRUE,,FALSE,FALSE,,,TRUE,TRUE,,
197,Umbreon,67,2,TRUE,,FALSE,FALSE,,,TRUE,TRUE,,
198,Murkrow,97,1,TRUE,100,TRUE,FALSE,,,TRUE,TRUE,,3000
199,Slowking,33,2,TRUE,,FALSE,FALSE,,King’s Rock,TRUE,TRUE,,3000
200,Misdreavus,98,1,TRUE,100,TRUE,FALSE,,,TRUE,TRUE,,3000
201,Unown,99,1,TRUE,,FALSE,FALSE,,,TRUE,TRUE,,
202,Wobbuffet,100,2,TRUE,,FALSE,FALSE,,,TRUE,TRUE,,3000
203,Girafarig,101,1,TRUE,50,TRUE,FALSE,,,TRUE,TRUE,,3000
204,Pineco,102,1,TRUE,50,TRUE,FALSE,,,TRUE,TRUE,,5000
205,Forretress,102,2,TRUE,,FALSE,FALSE,,,TRUE,TRUE,,5000
206,Dunsparce,103,1,TRUE,50,TRUE,FALSE,,,TRUE,TRUE,,
207,Gligar,104,1,TRUE,100,TRUE,FALSE,,,TRUE,TRUE,,5000
208,Steelix,41,2,TRUE,,FALSE,TRUE,,Steel Coat,TRUE,TRUE,,5000
209,Snubbull,105,1,TRUE,50,TRUE,FALSE,,,TRUE,TRUE,,3000
210,Granbull,105,2,TRUE,,FALSE,FALSE,,,TRUE,TRUE,,3000
211,Qwilfish,106,1,TRUE,50,TRUE,FALSE,,,TRUE,TRUE,,
212,Scizor,58,2,TRUE,,FALSE,TRUE,,Steel Coat,TRUE,TRUE,,5000
213,Shuckle,107,1,TRUE,,FALSE,FALSE,,,TRUE,TRUE,,3000
214,Heracross,108,1,TRUE,,FALSE,TRUE,,,TRUE,TRUE,,
215,Sneasel,109,1,TRUE,100,TRUE,FALSE,,,TRUE,TRUE,,3000
216,Teddiursa,110,1,TRUE,50,TRUE,FALSE,,,TRUE,TRUE,,3000
217,Ursaring,110,2,TRUE,100,TRUE,FALSE,,,TRUE,TRUE,,3000
218,Slugma,111,1,TRUE,50,TRUE,FALSE,,,TRUE,TRUE,,
219,Magcargo,111,2,TRUE,,FALSE,FALSE,,,TRUE,TRUE,,
220,Swinub,112,1,TRUE,25,TRUE,FALSE,,,TRUE,TRUE,,3000
221,Piloswine,112,2,TRUE,100,TRUE,FALSE,,,TRUE,TRUE,,3000
222,Corsola,113,1,TRUE,50,TRUE,FALSE,,,TRUE,TRUE,,
223,Remoraid,114,1,TRUE,50,TRUE,FALSE,,,TRUE,TRUE,,
224,Octillery,114,2,TRUE,,FALSE,FALSE,,,TRUE,TRUE,,
225,Delibird,115,1,TRUE,,FALSE,FALSE,,,TRUE,TRUE,,5000
226,Mantine,116,1,TRUE,,FALSE,FALSE,,,TRUE,TRUE,,
227,Skarmory,117,1,TRUE,,FALSE,FALSE,,,TRUE,TRUE,,5000
228,Houndour,118,1,TRUE,50,TRUE,FALSE,,,TRUE,TRUE,,3000
229,Houndoom,118,2,TRUE,,FALSE,TRUE,,,TRUE,TRUE,,3000
230,Kingdra,54,3,TRUE,,FALSE,FALSE,,Dragon Scale,TRUE,TRUE,,3000
231,Phanpy,119,1,TRUE,50,TRUE,FALSE,,,TRUE,TRUE,,3000
232,Donphan,119,2,TRUE,,FALSE,FALSE,,,TRUE,TRUE,,3000
233,Porygon2,68,2,TRUE,100,TRUE,FALSE,,Up-Grade,TRUE,TRUE,,3000
234,Stantler,120,1,TRUE,50,TRUE,FALSE,,,TRUE,TRUE,,3000
235,Smeargle,121,1,TRUE,,FALSE,FALSE,,,TRUE,TRUE,,
236,Tyrogue,47,0,TRUE,25,TRUE,FALSE,,,TRUE,TRUE,,
237,Hitmontop,47,1,TRUE,,FALSE,FALSE,,,TRUE,TRUE,,5000
238,Smoochum,59,0,TRUE,25,TRUE,FALSE,,,TRUE,TRUE,,
239,Elekid,60,0,TRUE,25,TRUE,FALSE,,,TRUE,TRUE,,
240,Magby,61,0,TRUE,25,TRUE,FALSE,,,TRUE,TRUE,,
241,Miltank,122,1,TRUE,,FALSE,FALSE,,,TRUE,TRUE,,
242,Blissey,51,2,TRUE,,FALSE,FALSE,,,TRUE,TRUE,,
243,Raikou,123,1,TRUE,,FALSE,FALSE,Legendary,,TRUE,TRUE,,20000
244,Entei,124,1,TRUE,,FALSE,FALSE,Legendary,,TRUE,TRUE,,20000
245,Suicune,125,1,TRUE,,FALSE,FALSE,Legendary,,TRUE,TRUE,,20000
246,Larvitar,126,1,TRUE,25,TRUE,FALSE,,,TRUE,TRUE,,5000
247,Pupitar,126,2,TRUE,100,TRUE,FALSE,,,TRUE,TRUE,,5000
248,Tyranitar,126,3,TRUE,,FALSE,TRUE,,,TRUE,TRUE,,5000
249,Lugia,127,1,TRUE,,FALSE,FALSE,Legendary,,TRUE,TRUE,,20000
250,Ho-Oh,128,1,TRUE,,FALSE,FALSE,Legendary,,TRUE,TRUE,,20000
251,Celebi,129,1,TRUE,,FALSE,FALSE,Mythical,,FALSE,TRUE,,20000
252,Treecko,130,1,TRUE,25,TRUE,FALSE,,,TRUE,TRUE,,3000
253,Grovyle,130,2,TRUE,100,TRUE,FALSE,,,TRUE,TRUE,,3000
254,Sceptile,130,3,TRUE,,FALSE,TRUE,,,TRUE,TRUE,,3000
255,Torchic,131,1,TRUE,25,TRUE,FALSE,,,TRUE,TRUE,,3000
256,Combusken,131,2,TRUE,100,TRUE,FALSE,,,TRUE,TRUE,,3000
257,Blaziken,131,3,TRUE,,FALSE,TRUE,,,TRUE,TRUE,,3000
258,Mudkip,132,1,TRUE,25,TRUE,FALSE,,,TRUE,TRUE,,3000
259,Marshtomp,132,2,TRUE,100,TRUE,FALSE,,,TRUE,TRUE,,3000
260,Swampert,132,3,TRUE,,FALSE,TRUE,,,TRUE,TRUE,,3000
261,Poochyena,133,1,TRUE,50,TRUE,FALSE,,,TRUE,TRUE,,1000
262,Mightyena,133,2,TRUE,,FALSE,FALSE,,,TRUE,TRUE,,1000
263,Zigzagoon,134,1,TRUE,"25,50",TRUE,FALSE,,,TRUE,TRUE,,3000
264,Linoone,134,2,TRUE,100,TRUE,FALSE,,,TRUE,TRUE,,3000
265,Wurmple,135,1,TRUE,12,TRUE,FALSE,,,TRUE,TRUE,,
266,Silcoon,135,2,TRUE,50,TRUE,FALSE,,,TRUE,TRUE,,
267,Beautifly,135,3,TRUE,,FALSE,FALSE,,,TRUE,TRUE,,
268,Cascoon,135,2,TRUE,50,TRUE,FALSE,,,TRUE,TRUE,,
269,Dustox,135,3,TRUE,,FALSE,FALSE,,,TRUE,TRUE,,
270,Lotad,136,1,TRUE,25,TRUE,FALSE,,,TRUE,TRUE,,
271,Lombre,136,2,TRUE,100,TRUE,FALSE,,,TRUE,TRUE,,
272,Ludicolo,136,3,TRUE,,FALSE,FALSE,,,TRUE,TRUE,,
273,Seedot,137,1,TRUE,25,TRUE,FALSE,,,TRUE,TRUE,,3000
274,Nuzleaf,137,2,TRUE,100,TRUE,FALSE,,,TRUE,TRUE,,3000
275,Shiftry,137,3,TRUE,,FALSE,FALSE,,,TRUE,TRUE,,3000
276,Taillow,138,1,TRUE,50,TRUE,FALSE,,,TRUE,TRUE,,3000
277,Swellow,138,2,TRUE,,FALSE,FALSE,,,TRUE,TRUE,,3000
278,Wingull,139,1,TRUE,50,TRUE,FALSE,,,TRUE,TRUE,,3000
279,Pelipper,139,2,TRUE,,FALSE,FALSE,,,TRUE,TRUE,,
280,Ralts,140,1,TRUE,25,TRUE,FALSE,,,TRUE,TRUE,,5000
281,Kirlia,140,2,TRUE,100,TRUE,FALSE,,,TRUE,TRUE,,5000
282,Gardevoir,140,3,TRUE,,FALSE,TRUE,,,TRUE,TRUE,,5000
283,Surskit,141,1,TRUE,50,TRUE,FALSE,,,TRUE,TRUE,,
284,Masquerain,141,2,TRUE,,FALSE,FALSE,,,TRUE,TRUE,,
285,Shroomish,142,1,TRUE,50,TRUE,FALSE,,,TRUE,TRUE,,
286,Breloom,142,2,TRUE,,FALSE,FALSE,,,TRUE,TRUE,,
287,Slakoth,143,1,TRUE,25,TRUE,FALSE,,,TRUE,TRUE,,
288,Vigoroth,143,2,TRUE,100,TRUE,FALSE,,,TRUE,TRUE,,
289,Slaking,143,3,TRUE,,FALSE,FALSE,,,TRUE,TRUE,,
290,Nincada,144,1,TRUE,50,TRUE,FALSE,,,TRUE,TRUE,,
291,Ninjask,144,2,TRUE,,FALSE,FALSE,,,TRUE,TRUE,,
292,Shedinja,144,2,TRUE,,FALSE,FALSE,,,TRUE,TRUE,,
293,Whismur,145,1,TRUE,12,TRUE,FALSE,,,TRUE,TRUE,,1000
294,Loudred,145,2,TRUE,50,TRUE,FALSE,,,TRUE,TRUE,,1000
295,Exploud,145,3,TRUE,,FALSE,FALSE,,,TRUE,TRUE,,1000
296,Makuhita,146,1,TRUE,50,TRUE,FALSE,,,TRUE,TRUE,,3000
297,Hariyama,146,2,TRUE,,FALSE,FALSE,,,TRUE,TRUE,,3000
298,Azurill,90,1,TRUE,25,TRUE,FALSE,,,TRUE,TRUE,,
299,Nosepass,147,1,TRUE,50,TRUE,FALSE,,,TRUE,TRUE,,3000
300,Skitty,148,1,TRUE,50,TRUE,FALSE,,,TRUE,TRUE,,
301,Delcatty,148,2,TRUE,,FALSE,FALSE,,,TRUE,TRUE,,
302,Sableye,149,1,TRUE,,FALSE,TRUE,,,TRUE,TRUE,,5000
303,Mawile,150,1,TRUE,,FALSE,TRUE,,,TRUE,TRUE,,5000
304,Aron,151,1,TRUE,25,TRUE,FALSE,,,TRUE,TRUE,,1000
305,Lairon,151,2,TRUE,100,TRUE,FALSE,,,TRUE,TRUE,,1000
306,Aggron,151,3,TRUE,,FALSE,TRUE,,,TRUE,TRUE,,1000
307,Meditite,152,1,TRUE,50,TRUE,FALSE,,,TRUE,TRUE,,
308,Medicham,152,2,TRUE,,FALSE,TRUE,,,TRUE,TRUE,,
309,Electrike,153,1,TRUE,50,TRUE,FALSE,,,TRUE,TRUE,,3000
310,Manectric,153,2,TRUE,,FALSE,TRUE,,,TRUE,TRUE,,3000
311,Plusle,154,1,TRUE,,FALSE,FALSE,,,TRUE,TRUE,,
312,Minun,155,1,TRUE,,FALSE,FALSE,,,TRUE,TRUE,,
313,Volbeat,156,1,TRUE,,FALSE,FALSE,,,TRUE,TRUE,,
314,Illumise,157,1,TRUE,,FALSE,FALSE,,,TRUE,TRUE,,
315,Roselia,158,2,TRUE,100,TRUE,FALSE,,,TRUE,TRUE,,
316,Gulpin,159,1,TRUE,50,TRUE,FALSE,,,TRUE,TRUE,,
317,Swalot,159,2,TRUE,,FALSE,FALSE,,,TRUE,TRUE,,
318,Carvanha,160,1,TRUE,50,TRUE,FALSE,,,TRUE,TRUE,,3000
319,Sharpedo,160,2,TRUE,,FALSE,TRUE,,,TRUE,TRUE,,3000
320,Wailmer,161,1,TRUE,400,TRUE,FALSE,,,TRUE,TRUE,,1000
321,Wailord,161,2,TRUE,,FALSE,FALSE,,,TRUE,TRUE,,1000
322,Numel,162,1,TRUE,50,TRUE,FALSE,,,TRUE,TRUE,,3000
323,Camerupt,162,2,TRUE,,FALSE,TRUE,,,TRUE,TRUE,,3000
324,Torkoal,163,1,TRUE,,FALSE,FALSE,,,TRUE,TRUE,,
325,Spoink,164,1,TRUE,50,TRUE,FALSE,,,TRUE,TRUE,,1000
326,Grumpig,164,2,TRUE,,FALSE,FALSE,,,TRUE,TRUE,,1000
327,Spinda,165,1,TRUE,,FALSE,FALSE,,,TRUE,TRUE,,
328,Trapinch,166,1,TRUE,25,TRUE,FALSE,,,TRUE,TRUE,,5000
329,Vibrava,166,2,TRUE,100,TRUE,FALSE,,,TRUE,TRUE,,5000
330,Flygon,166,3,TRUE,,FALSE,FALSE,,,TRUE,TRUE,,5000
331,Cacnea,167,1,TRUE,50,TRUE,FALSE,,,TRUE,TRUE,,3000
332,Cacturne,167,2,TRUE,,FALSE,FALSE,,,TRUE,TRUE,,3000
333,Swablu,168,1,TRUE,400,TRUE,FALSE,,,TRUE,TRUE,,
334,Altaria,168,2,TRUE,,FALSE,TRUE,,,TRUE,TRUE,,
335,Zangoose,169,1,TRUE,,FALSE,FALSE,,,TRUE,TRUE,,
336,Seviper,170,1,TRUE,,FALSE,FALSE,,,TRUE,TRUE,,
337,Lunatone,171,1,TRUE,,FALSE,FALSE,,,TRUE,TRUE,,
338,Solrock,172,1,TRUE,,FALSE,FALSE,,,TRUE,TRUE,,
339,Barboach,173,1,TRUE,50,TRUE,FALSE,,,TRUE,TRUE,,1000
340,Whiscash,173,2,TRUE,,FALSE,FALSE,,,TRUE,TRUE,,1000
341,Corphish,174,1,TRUE,50,TRUE,FALSE,,,TRUE,TRUE,,3000
342,Crawdaunt,174,2,TRUE,,FALSE,FALSE,,,TRUE,TRUE,,3000
343,Baltoy,175,1,TRUE,50,TRUE,FALSE,,,TRUE,TRUE,,
344,Claydol,175,2,TRUE,,FALSE,FALSE,,,TRUE,TRUE,,
345,Lileep,176,1,TRUE,50,TRUE,FALSE,,,TRUE,TRUE,,3000
346,Cradily,176,2,TRUE,,FALSE,FALSE,,,TRUE,TRUE,,3000
347,Anorith,177,1,TRUE,50,TRUE,FALSE,,,TRUE,TRUE,,3000
348,Armaldo,177,2,TRUE,,FALSE,FALSE,,,TRUE,TRUE,,3000
349,Feebas,178,1,TRUE,100,TRUE,FALSE,,,TRUE,TRUE,,5000
350,Milotic,178,2,TRUE,,FALSE,FALSE,,,TRUE,TRUE,,5000
351,Castform,179,1,TRUE,,FALSE,FALSE,,,TRUE,TRUE,,
352,Kecleon,180,1,TRUE,,FALSE,FALSE,,,TRUE,TRUE,,
353,Shuppet,181,1,TRUE,50,TRUE,FALSE,,,TRUE,TRUE,,3000
354,Banette,181,2,TRUE,,FALSE,TRUE,,,TRUE,TRUE,,3000
355,Duskull,182,1,TRUE,25,TRUE,FALSE,,,TRUE,TRUE,,3000
356,Dusclops,182,2,TRUE,100,TRUE,FALSE,,,TRUE,TRUE,,3000
357,Tropius,183,1,TRUE,,FALSE,FALSE,,,TRUE,TRUE,,
358,Chimecho,184,2,TRUE,,FALSE,FALSE,,,TRUE,TRUE,,
359,Absol,185,1,TRUE,,FALSE,TRUE,,,TRUE,TRUE,,5000
360,Wynaut,100,1,TRUE,25,TRUE,FALSE,,,TRUE,TRUE,,
361,Snorunt,186,1,TRUE,100,TRUE,FALSE,,,TRUE,TRUE,,3000
362,Glalie,186,2,TRUE,,FALSE,TRUE,,,TRUE,TRUE,,3000
363,Spheal,187,1,TRUE,25,TRUE,FALSE,,,TRUE,TRUE,,3000
364,Sealeo,187,2,TRUE,100,TRUE,FALSE,,,TRUE,TRUE,,3000
365,Walrein,187,3,TRUE,,FALSE,FALSE,,,TRUE,TRUE,,3000
366,Clamperl,188,1,TRUE,50,TRUE,FALSE,,,TRUE,TRUE,,
367,Huntail,188,2,TRUE,,FALSE,FALSE,,,TRUE,TRUE,,
368,Gorebyss,188,2,TRUE,,FALSE,FALSE,,,TRUE,TRUE,,
369,Relicanth,189,1,TRUE,,FALSE,FALSE,,,TRUE,TRUE,,
370,Luvdisc,190,1,TRUE,,FALSE,FALSE,,,TRUE,TRUE,,
371,Bagon,191,1,TRUE,25,TRUE,FALSE,,,TRUE,TRUE,,5000
372,Shelgon,191,2,TRUE,100,TRUE,FALSE,,,TRUE,TRUE,,5000
373,Salamence,191,3,TRUE,,FALSE,TRUE,,,TRUE,TRUE,,5000
374,Beldum,192,1,TRUE,25,TRUE,FALSE,,,TRUE,TRUE,,5000
375,Metang,192,2,TRUE,100,TRUE,FALSE,,,TRUE,TRUE,,5000
376,Metagross,192,3,TRUE,,FALSE,TRUE,,,TRUE,TRUE,,5000
377,Regirock,193,1,TRUE,,FALSE,FALSE,Legendary,,TRUE,TRUE,,20000
378,Regice,194,1,TRUE,,FALSE,FALSE,Legendary,,TRUE,TRUE,,20000
379,Registeel,195,1,TRUE,,FALSE,FALSE,Legendary,,TRUE,TRUE,,20000
380,Latias,196,1,TRUE,,FALSE,TRUE,Legendary,,TRUE,TRUE,,20000
381,Latios,197,1,TRUE,,FALSE,TRUE,Legendary,,TRUE,TRUE,,20000
382,Kyogre,198,1,TRUE,,FALSE,TRUE,Legendary,,TRUE,TRUE,,20000
383,Groudon,199,1,TRUE,,FALSE,TRUE,Legendary,,TRUE,TRUE,,20000
384,Rayquaza,200,1,TRUE,,FALSE,TRUE,Legendary,,TRUE,TRUE,,20000
385,Jirachi,201,1,TRUE,,FALSE,FALSE,Mythical,,FALSE,TRUE,,20000
386,Deoxys,202,1,TRUE,,FALSE,FALSE,Mythical,,FALSE,TRUE,,20000
387,Turtwig,203,1,TRUE,25,TRUE,FALSE,,,TRUE,TRUE,,3000
388,Grotle,203,2,TRUE,100,TRUE,FALSE,,,TRUE,TRUE,,3000
389,Torterra,203,3,TRUE,,FALSE,FALSE,,,TRUE,TRUE,,3000
390,Chimchar,204,1,TRUE,25,TRUE,FALSE,,,TRUE,TRUE,,3000
391,Monferno,204,2,TRUE,100,TRUE,FALSE,,,TRUE,TRUE,,3000
392,Infernape,204,3,TRUE,,FALSE,FALSE,,,TRUE,TRUE,,3000
393,Piplup,205,1,TRUE,25,TRUE,FALSE,,,TRUE,TRUE,,3000
394,Prinplup,205,2,TRUE,100,TRUE,FALSE,,,TRUE,TRUE,,3000
395,Empoleon,205,3,TRUE,,FALSE,FALSE,,,TRUE,TRUE,,3000
396,Starly,206,1,TRUE,25,TRUE,FALSE,,,TRUE,TRUE,,1000
397,Staravia,206,2,TRUE,100,TRUE,FALSE,,,TRUE,TRUE,,1000
398,Staraptor,206,3,TRUE,,FALSE,FALSE,,,TRUE,TRUE,,1000
399,Bidoof,207,1,TRUE,50,TRUE,FALSE,,,TRUE,TRUE,,1000
400,Bibarel,207,2,TRUE,,FALSE,FALSE,,,TRUE,TRUE,,1000
401,Kricketot,208,1,TRUE,50,TRUE,FALSE,,,TRUE,TRUE,,
402,Kricketune,208,2,TRUE,,FALSE,FALSE,,,TRUE,TRUE,,
403,Shinx,209,1,TRUE,25,TRUE,FALSE,,,TRUE,TRUE,,5000
404,Luxio,209,2,TRUE,100,TRUE,FALSE,,,TRUE,TRUE,,5000
405,Luxray,209,3,TRUE,,FALSE,FALSE,,,TRUE,TRUE,,5000
406,Budew,158,1,TRUE,25,TRUE,FALSE,,,TRUE,TRUE,,
407,Roserade,158,3,TRUE,,FALSE,FALSE,,Sinnoh Stone,TRUE,TRUE,,
408,Cranidos,211,1,TRUE,50,TRUE,FALSE,,,TRUE,TRUE,,5000
409,Rampardos,211,2,TRUE,,FALSE,FALSE,,,TRUE,TRUE,,5000
410,Shieldon,212,1,TRUE,50,TRUE,FALSE,,,TRUE,TRUE,,5000
411,Bastiodon,212,2,TRUE,,FALSE,FALSE,,,TRUE,TRUE,,5000
412,Burmy,213,1,TRUE,50,TRUE,FALSE,,,TRUE,TRUE,,
413,Wormadam,213,2,TRUE,,FALSE,FALSE,,,TRUE,TRUE,,
414,Mothim,213,2,TRUE,,FALSE,FALSE,,,TRUE,TRUE,,
415,Combee,214,1,TRUE,50,TRUE,FALSE,,,TRUE,TRUE,,
416,Vespiquen,214,2,TRUE,,FALSE,FALSE,,,TRUE,TRUE,,
417,Pachirisu,215,1,TRUE,,FALSE,FALSE,,,TRUE,TRUE,,
418,Buizel,216,1,TRUE,50,TRUE,FALSE,,,TRUE,TRUE,,
419,Floatzel,216,2,TRUE,,FALSE,FALSE,,,TRUE,TRUE,,
420,Cherubi,217,1,TRUE,50,TRUE,FALSE,,,TRUE,TRUE,,
421,Cherrim,217,2,TRUE,,FALSE,FALSE,,,TRUE,TRUE,,
422,Shellos,218,1,TRUE,50,TRUE,FALSE,,,TRUE,TRUE,,
423,Gastrodon,218,2,TRUE,,FALSE,FALSE,,,TRUE,TRUE,,
424,Ambipom,93,2,TRUE,,FALSE,FALSE,,Sinnoh Stone,TRUE,TRUE,,3000
425,Drifloon,219,1,TRUE,50,TRUE,FALSE,,,TRUE,TRUE,,5000
426,Drifblim,219,2,TRUE,,FALSE,FALSE,,,TRUE,TRUE,,5000
427,Buneary,220,1,TRUE,50,TRUE,FALSE,,,TRUE,TRUE,,
428,Lopunny,220,2,TRUE,,FALSE,TRUE,,,TRUE,TRUE,,
429,Mismagius,98,2,TRUE,,FALSE,FALSE,,Sinnoh Stone,TRUE,TRUE,,3000
430,Honchkrow,97,2,TRUE,,FALSE,FALSE,,Sinnoh Stone,TRUE,TRUE,,3000
431,Glameow,221,1,TRUE,50,TRUE,FALSE,,,TRUE,TRUE,,3000
432,Purugly,221,2,TRUE,,FALSE,FALSE,,,TRUE,TRUE,,3000
433,Chingling,184,1,TRUE,50,TRUE,FALSE,,,TRUE,TRUE,,
434,Stunky,223,1,TRUE,50,TRUE,FALSE,,,TRUE,TRUE,,3000
435,Skuntank,223,2,TRUE,,FALSE,FALSE,,,TRUE,TRUE,,3000
436,Bronzor,224,1,TRUE,50,TRUE,FALSE,,,TRUE,TRUE,,
437,Bronzong,224,2,TRUE,,FALSE,FALSE,,,TRUE,TRUE,,
438,Bonsly,91,0,TRUE,50,TRUE,FALSE,,,TRUE,TRUE,,
439,Mime Jr.,57,0,TRUE,50,TRUE,FALSE,,,TRUE,TRUE,,
440,Happiny,51,0,TRUE,25,TRUE,FALSE,,,TRUE,TRUE,,
441,Chatot,228,1,TRUE,,FALSE,FALSE,,,TRUE,TRUE,,
442,Spiritomb,229,1,TRUE,,FALSE,FALSE,,,TRUE,TRUE,,
443,Gible,230,1,TRUE,25,TRUE,FALSE,,,TRUE,TRUE,,5000
444,Gabite,230,2,TRUE,100,TRUE,FALSE,,,TRUE,TRUE,,5000
445,Garchomp,230,3,TRUE,,FALSE,TRUE,,,TRUE,TRUE,,5000
446,Munchlax,72,0,TRUE,50,TRUE,FALSE,,,TRUE,TRUE,,
447,Riolu,232,1,TRUE,50,TRUE,FALSE,,,TRUE,TRUE,,
448,Lucario,232,2,TRUE,,FALSE,TRUE,,,TRUE,TRUE,,
449,Hippopotas,233,1,TRUE,50,TRUE,FALSE,,,TRUE,TRUE,,3000
450,Hippowdon,233,2,TRUE,,FALSE,FALSE,,,TRUE,TRUE,,3000
451,Skorupi,234,1,TRUE,50,TRUE,FALSE,,,TRUE,TRUE,,5000
452,Drapion,234,2,TRUE,,FALSE,FALSE,,,TRUE,TRUE,,5000
453,Croagunk,235,1,TRUE,50,TRUE,FALSE,,,TRUE,TRUE,,3000
454,Toxicroak,235,2,TRUE,,FALSE,FALSE,,,TRUE,TRUE,,3000
455,Carnivine,236,1,TRUE,,FALSE,FALSE,,,TRUE,TRUE,,
456,Finneon,237,1,TRUE,50,TRUE,FALSE,,,TRUE,TRUE,,
457,Lumineon,237,2,TRUE,,FALSE,FALSE,,,TRUE,TRUE,,
458,Mantyke,116,0,TRUE,50,TRUE,FALSE,,,TRUE,TRUE,,
459,Snover,239,1,TRUE,50,TRUE,FALSE,,,TRUE,TRUE,,3000
460,Abomasnow,239,2,TRUE,,FALSE,TRUE,,,TRUE,TRUE,,3000
461,Weavile,109,2,TRUE,,FALSE,FALSE,,Sinnoh Stone,TRUE,TRUE,,3000
462,Magnezone,34,3,TRUE,,FALSE,FALSE,,,TRUE,TRUE,,3000
463,Lickilicky,48,2,TRUE,,FALSE,FALSE,,Sinnoh Stone,TRUE,TRUE,,
464,Rhyperior,50,3,TRUE,,FALSE,FALSE,,Sinnoh Stone,TRUE,TRUE,,3000
465,Tangrowth,52,2,TRUE,,FALSE,FALSE,,Sinnoh Stone,TRUE,TRUE,,3000
466,Electivire,60,2,TRUE,,FALSE,FALSE,,Sinnoh Stone,TRUE,TRUE,,5000
467,Magmortar,61,2,TRUE,,FALSE,FALSE,,Sinnoh Stone,TRUE,TRUE,,5000
468,Togekiss,87,3,TRUE,,FALSE,FALSE,,Sinnoh Stone,TRUE,TRUE,,
469,Yanmega,95,2,TRUE,,FALSE,FALSE,,Sinnoh Stone,TRUE,TRUE,,
470,Leafeon,67,2,TRUE,,FALSE,FALSE,,,TRUE,TRUE,,
471,Glaceon,67,2,TRUE,,FALSE,FALSE,,,TRUE,TRUE,,
472,Gliscor,104,2,TRUE,,FALSE,FALSE,,Sinnoh Stone,TRUE,TRUE,,5000
473,Mamoswine,112,3,TRUE,,FALSE,FALSE,,Sinnoh Stone,TRUE,TRUE,,3000
474,Porygon-Z,68,3,TRUE,,FALSE,FALSE,,Sinnoh Stone,TRUE,TRUE,,3000
475,Gallade,140,3,TRUE,,FALSE,TRUE,,Sinnoh Stone,TRUE,TRUE,,5000
476,Probopass,147,2,TRUE,,FALSE,FALSE,,,TRUE,TRUE,,3000
477,Dusknoir,182,3,TRUE,,FALSE,FALSE,,Sinnoh Stone,TRUE,TRUE,,3000
478,Froslass,186,2,TRUE,,FALSE,FALSE,,Sinnoh Stone,TRUE,TRUE,,3000
479,Rotom,240,1,TRUE,,FALSE,FALSE,,,TRUE,TRUE,,
480,Uxie,241,1,TRUE,,FALSE,FALSE,Legendary,,TRUE,TRUE,,20000
481,Mesprit,242,1,TRUE,,FALSE,FALSE,Legendary,,TRUE,TRUE,,20000
482,Azelf,243,1,TRUE,,FALSE,FALSE,Legendary,,TRUE,TRUE,,20000
483,Dialga,244,1,TRUE,,FALSE,FALSE,Legendary,,TRUE,TRUE,,20000
484,Palkia,245,1,TRUE,,FALSE,FALSE,Legendary,,TRUE,TRUE,,20000
485,Heatran,246,1,TRUE,,FALSE,FALSE,Legendary,,TRUE,TRUE,,20000
486,Regigigas,247,1,TRUE,,FALSE,FALSE,Legendary,,TRUE,TRUE,,20000
487,Giratina,248,1,TRUE,,FALSE,FALSE,Legendary,,TRUE,TRUE,,20000
488,Cresselia,249,1,TRUE,,FALSE,FALSE,Legendary,,TRUE,TRUE,,20000
489,Phione,250,1,FALSE,,FALSE,FALSE,Mythical,,FALSE,FALSE,,20000
490,Manaphy,251,1,FALSE,,FALSE,FALSE,Mythical,,FALSE,FALSE,,20000
491,Darkrai,252,1,TRUE,,FALSE,FALSE,Mythical,,FALSE,TRUE,,20000
492,Shaymin,253,1,TRUE,,FALSE,FALSE,Mythical,,FALSE,TRUE,,20000
493,Arceus,254,1,TRUE,,FALSE,FALSE,Legendary,,TRUE,FALSE,,20000
494,Victini,255,1,TRUE,,FALSE,FALSE,Mythical,,FALSE,FALSE,,20000
495,Snivy,256,1,TRUE,25,TRUE,FALSE,,,TRUE,TRUE,,3000
496,Servine,256,2,TRUE,100,TRUE,FALSE,,,TRUE,TRUE,,3000
497,Serperior,256,3,TRUE,,FALSE,FALSE,,,TRUE,TRUE,,3000
498,Tepig,257,1,TRUE,25,TRUE,FALSE,,,TRUE,TRUE,,3000
499,Pignite,257,2,TRUE,100,TRUE,FALSE,,,TRUE,TRUE,,3000
500,Emboar,257,3,TRUE,,FALSE,FALSE,,,TRUE,TRUE,,3000
501,Oshawott,258,1,TRUE,25,TRUE,FALSE,,,TRUE,TRUE,,3000
502,Dewott,258,2,TRUE,100,TRUE,FALSE,,,TRUE,TRUE,,3000
503,Samurott,258,3,TRUE,,FALSE,FALSE,,,TRUE,TRUE,,3000
504,Patrat,259,1,TRUE,50,TRUE,FALSE,,,TRUE,TRUE,,1000
505,Watchog,259,2,TRUE,,FALSE,FALSE,,,TRUE,TRUE,,1000
506,Lillipup,260,1,TRUE,25,TRUE,FALSE,,,TRUE,TRUE,,
507,Herdier,260,2,TRUE,100,TRUE,FALSE,,,TRUE,TRUE,,
508,Stoutland,260,3,TRUE,,FALSE,FALSE,,,TRUE,TRUE,,
509,Purrloin,261,1,TRUE,50,TRUE,FALSE,,,TRUE,TRUE,,1000
510,Liepard,261,2,TRUE,,FALSE,FALSE,,,TRUE,TRUE,,1000
511,Pansage,262,1,TRUE,50,TRUE,FALSE,,,TRUE,TRUE,,
512,Simisage,262,2,TRUE,,FALSE,FALSE,,Unova Stone,TRUE,TRUE,,
513,Pansear,263,1,TRUE,50,TRUE,FALSE,,,TRUE,TRUE,,
514,Simisear,263,2,TRUE,,FALSE,FALSE,,Unova Stone,TRUE,TRUE,,
515,Panpour,264,1,TRUE,50,TRUE,FALSE,,,TRUE,TRUE,,
516,Simipour,264,2,TRUE,,FALSE,FALSE,,Unova Stone,TRUE,TRUE,,
517,Munna,265,1,TRUE,50,TRUE,FALSE,,,TRUE,TRUE,,
518,Musharna,265,2,TRUE,,FALSE,FALSE,,Unova Stone,TRUE,TRUE,,
519,Pidove,266,1,TRUE,12,TRUE,FALSE,,,TRUE,TRUE,,1000
520,Tranquill,266,2,TRUE,50,TRUE,FALSE,,,TRUE,TRUE,,1000
521,Unfezant,266,3,TRUE,,FALSE,FALSE,,,TRUE,TRUE,,1000
522,Blitzle,267,1,TRUE,50,TRUE,FALSE,,,TRUE,TRUE,,3000
523,Zebstrika,267,2,TRUE,,FALSE,FALSE,,,TRUE,TRUE,,3000
524,Roggenrola,268,1,TRUE,50,TRUE,FALSE,,,TRUE,TRUE,,3000
525,Boldore,268,2,TRUE,200,TRUE,FALSE,,,TRUE,TRUE,,3000
526,Gigalith,268,3,TRUE,,FALSE,FALSE,,,TRUE,TRUE,,3000
527,Woobat,269,1,TRUE,50,TRUE,FALSE,,,TRUE,TRUE,,
528,Swoobat,269,2,TRUE,,FALSE,FALSE,,,TRUE,TRUE,,
529,Drilbur,270,1,TRUE,50,TRUE,FALSE,,,TRUE,TRUE,,3000
530,Excadrill,270,2,TRUE,,FALSE,FALSE,,,TRUE,TRUE,,3000
531,Audino,271,1,TRUE,,FALSE,TRUE,,,TRUE,TRUE,,
532,Timburr,272,1,TRUE,50,TRUE,FALSE,,,TRUE,TRUE,,3000
533,Gurdurr,272,2,TRUE,200,TRUE,FALSE,,,TRUE,TRUE,,3000
534,Conkeldurr,272,3,TRUE,,FALSE,FALSE,,,TRUE,TRUE,,3000
535,Tympole,273,1,TRUE,25,TRUE,FALSE,,,TRUE,TRUE,,
536,Palpitoad,273,2,TRUE,100,TRUE,FALSE,,,TRUE,TRUE,,
537,Seismitoad,273,3,TRUE,,FALSE,FALSE,,,TRUE,TRUE,,
538,Throh,274,1,TRUE,,FALSE,FALSE,,,TRUE,TRUE,,5000
539,Sawk,275,1,TRUE,,FALSE,FALSE,,,TRUE,TRUE,,5000
540,Sewaddle,276,1,TRUE,25,TRUE,FALSE,,,TRUE,TRUE,,
541,Swadloon,276,2,TRUE,100,TRUE,FALSE,,,TRUE,TRUE,,
542,Leavanny,276,3,TRUE,,FALSE,FALSE,,,TRUE,TRUE,,
543,Venipede,277,1,TRUE,25,TRUE,FALSE,,,TRUE,TRUE,,3000
544,Whirlipede,277,2,TRUE,100,TRUE,FALSE,,,TRUE,TRUE,,3000
545,Scolipede,277,3,TRUE,,FALSE,FALSE,,,TRUE,TRUE,,3000
546,Cottonee,278,1,TRUE,50,TRUE,FALSE,,,TRUE,TRUE,,
547,Whimsicott,278,2,TRUE,,FALSE,FALSE,,Sun Stone,TRUE,TRUE,,
548,Petilil,279,1,TRUE,50,TRUE,FALSE,,,TRUE,TRUE,,
549,Lilligant,279,2,TRUE,,FALSE,FALSE,,Sun Stone,TRUE,TRUE,,
550,Basculin,280,1,TRUE,,FALSE,FALSE,,,TRUE,TRUE,,
551,Sandile,281,1,TRUE,25,TRUE,FALSE,,,TRUE,FALSE,,
552,Krokorok,281,2,TRUE,100,TRUE,FALSE,,,TRUE,FALSE,,
553,Krookodile,281,3,TRUE,,FALSE,FALSE,,,TRUE,TRUE,,
554,Darumaka,282,1,TRUE,50,TRUE,FALSE,,,TRUE,TRUE,,3000
555,Darmanitan,282,2,TRUE,,FALSE,FALSE,,,TRUE,TRUE,,3000
556,Maractus,283,1,TRUE,,FALSE,FALSE,,,TRUE,TRUE,,
557,Dwebble,284,1,TRUE,50,TRUE,FALSE,,,TRUE,TRUE,,1000
558,Crustle,284,2,TRUE,,FALSE,FALSE,,,TRUE,TRUE,,1000
559,Scraggy,285,1,TRUE,50,TRUE,FALSE,,,TRUE,FALSE,,
560,Scrafty,285,2,TRUE,,FALSE,FALSE,,,TRUE,TRUE,,
561,Sigilyph,286,1,TRUE,,FALSE,FALSE,,,TRUE,TRUE,,
562,Yamask,287,1,TRUE,50,TRUE,FALSE,,,TRUE,FALSE,,
563,Cofagrigus,287,2,TRUE,,FALSE,FALSE,,,TRUE,TRUE,,
564,Tirtouga,288,1,TRUE,50,TRUE,FALSE,,,TRUE,TRUE,,3000
565,Carracosta,288,2,TRUE,,FALSE,FALSE,,,TRUE,TRUE,,3000
566,Archen,289,1,TRUE,50,TRUE,FALSE,,,TRUE,TRUE,,3000
567,Archeops,289,2,TRUE,,FALSE,FALSE,,,TRUE,TRUE,,3000
568,Trubbish,290,1,TRUE,50,TRUE,FALSE,,,TRUE,TRUE,,3000
569,Garbodor,290,2,TRUE,,FALSE,FALSE,,,TRUE,TRUE,,3000
570,Zorua,291,1,TRUE,50,TRUE,FALSE,,,TRUE,FALSE,,
571,Zoroark,291,2,TRUE,,FALSE,FALSE,,,TRUE,TRUE,,
572,Minccino,292,1,TRUE,50,TRUE,FALSE,,,TRUE,FALSE,,
573,Cinccino,292,2,TRUE,,FALSE,FALSE,,Unova Stone,TRUE,TRUE,,
574,Gothita,293,1,TRUE,25,TRUE,FALSE,,,TRUE,TRUE,,3000
575,Gothorita,293,2,TRUE,100,TRUE,FALSE,,,TRUE,TRUE,,3000
576,Gothitelle,293,3,TRUE,,FALSE,FALSE,,,TRUE,TRUE,,3000
577,Solosis,294,1,TRUE,25,TRUE,FALSE,,,TRUE,TRUE,,3000
578,Duosion,294,2,TRUE,100,TRUE,FALSE,,,TRUE,TRUE,,3000
579,Reuniclus,294,3,TRUE,,FALSE,FALSE,,,TRUE,TRUE,,3000
580,Ducklett,295,1,TRUE,50,TRUE,FALSE,,,TRUE,TRUE,,1000
581,Swanna,295,2,TRUE,,FALSE,FALSE,,,TRUE,TRUE,,1000
582,Vanillite,296,1,TRUE,25,TRUE,FALSE,,,TRUE,FALSE,,
583,Vanillish,296,2,TRUE,100,TRUE,FALSE,,,TRUE,FALSE,,
584,Vanilluxe,296,3,TRUE,,FALSE,FALSE,,,TRUE,TRUE,,
585,Deerling,297,1,TRUE,50,TRUE,FALSE,,,TRUE,FALSE,,
586,Sawsbuck,297,2,TRUE,,FALSE,FALSE,,,TRUE,TRUE,,
587,Emolga,298,1,TRUE,,FALSE,FALSE,,,TRUE,TRUE,,
588,Karrablast,299,1,TRUE,200,TRUE,FALSE,,,TRUE,FALSE,,
589,Escavalier,299,2,TRUE,,FALSE,FALSE,,,TRUE,TRUE,,
590,Foongus,300,1,TRUE,50,TRUE,FALSE,,,TRUE,TRUE,,1000
591,Amoonguss,300,2,TRUE,,FALSE,FALSE,,,TRUE,TRUE,,1000
592,Frillish,301,1,TRUE,50,TRUE,FALSE,,,TRUE,FALSE,,
593,Jellicent,301,2,TRUE,,FALSE,FALSE,,,TRUE,TRUE,,
594,Alomomola,302,1,TRUE,,FALSE,FALSE,,,TRUE,TRUE,,
595,Joltik,303,1,TRUE,50,TRUE,FALSE,,,TRUE,TRUE,,3000
596,Galvantula,303,2,TRUE,,FALSE,FALSE,,,TRUE,TRUE,,3000
597,Ferroseed,304,1,TRUE,50,TRUE,FALSE,,,TRUE,TRUE,,3000
598,Ferrothorn,304,2,TRUE,,FALSE,FALSE,,,TRUE,TRUE,,3000
599,Klink,305,1,TRUE,25,TRUE,FALSE,,,TRUE,FALSE,,
600,Klang,305,2,TRUE,100,TRUE,FALSE,,,TRUE,FALSE,,
601,Klinklang,305,3,TRUE,,FALSE,FALSE,,,TRUE,TRUE,,
602,Tynamo,306,1,TRUE,25,TRUE,FALSE,,,TRUE,FALSE,,
603,Eelektrik,306,2,TRUE,100,TRUE,FALSE,,,TRUE,FALSE,,
604,Eelektross,306,3,TRUE,,FALSE,FALSE,,Unova Stone,TRUE,TRUE,,
605,Elgyem,307,1,TRUE,50,TRUE,FALSE,,,TRUE,FALSE,,
606,Beheeyem,307,2,TRUE,,FALSE,FALSE,,,TRUE,TRUE,,
607,Litwick,308,1,TRUE,25,TRUE,FALSE,,,TRUE,TRUE,,5000
608,Lampent,308,2,TRUE,100,TRUE,FALSE,,,TRUE,TRUE,,5000
609,Chandelure,308,3,TRUE,,FALSE,FALSE,,Unova Stone,TRUE,TRUE,,5000
610,Axew,309,1,TRUE,25,TRUE,FALSE,,,TRUE,FALSE,,
611,Fraxure,309,2,TRUE,100,TRUE,FALSE,,,TRUE,FALSE,,
612,Haxorus,309,3,TRUE,,FALSE,FALSE,,,TRUE,TRUE,,
613,Cubchoo,310,1,TRUE,50,TRUE,FALSE,,,TRUE,FALSE,,
614,Beartic,310,2,TRUE,,FALSE,FALSE,,,TRUE,TRUE,,
615,Cryogonal,311,1,TRUE,,FALSE,FALSE,,,TRUE,TRUE,,
616,Shelmet,312,1,TRUE,200,TRUE,FALSE,,,TRUE,FALSE,,
617,Accelgor,312,2,TRUE,,FALSE,FALSE,,,TRUE,TRUE,,
618,Stunfisk,313,1,TRUE,,FALSE,FALSE,,,TRUE,TRUE,,
619,Mienfoo,314,1,TRUE,50,TRUE,FALSE,,,TRUE,FALSE,,
620,Mienshao,314,2,TRUE,,FALSE,FALSE,,,TRUE,TRUE,,
621,Druddigon,315,1,TRUE,,FALSE,FALSE,,,TRUE,TRUE,,
622,Golett,316,1,TRUE,50,TRUE,FALSE,,,TRUE,TRUE,,5000
623,Golurk,316,2,TRUE,,FALSE,FALSE,,,TRUE,TRUE,,5000
624,Pawniard,317,1,TRUE,50,TRUE,FALSE,,,TRUE,TRUE,,
625,Bisharp,317,2,TRUE,100,TRUE,FALSE,,,TRUE,TRUE,,
626,Bouffalant,318,1,TRUE,,FALSE,FALSE,,,TRUE,TRUE,,
627,Rufflet,319,1,TRUE,50,TRUE,FALSE,,,TRUE,FALSE,,
628,Braviary,319,2,TRUE,,FALSE,FALSE,,,TRUE,TRUE,,
629,Vullaby,320,1,TRUE,50,TRUE,FALSE,,,TRUE,FALSE,,
630,Mandibuzz,320,2,TRUE,,FALSE,FALSE,,,TRUE,TRUE,,
631,Heatmor,321,1,TRUE,,FALSE,FALSE,,,TRUE,TRUE,,
632,Durant,322,1,TRUE,,FALSE,FALSE,,,TRUE,TRUE,,
633,Deino,323,1,TRUE,25,TRUE,FALSE,,,TRUE,FALSE,,
634,Zweilous,323,2,TRUE,100,TRUE,FALSE,,,TRUE,FALSE,,
635,Hydreigon,323,3,TRUE,,FALSE,FALSE,,,TRUE,TRUE,,
636,Larvesta,324,1,TRUE,400,TRUE,FALSE,,,TRUE,FALSE,,
637,Volcarona,324,2,TRUE,,FALSE,FALSE,,,TRUE,TRUE,,
638,Cobalion,325,1,TRUE,,FALSE,FALSE,Legendary,,TRUE,FALSE,,20000
639,Terrakion,326,1,TRUE,,FALSE,FALSE,Legendary,,TRUE,FALSE,,20000
640,Virizion,327,1,TRUE,,FALSE,FALSE,Legendary,,TRUE,FALSE,,20000
641,Tornadus,328,1,TRUE,,FALSE,FALSE,Legendary,,TRUE,FALSE,,20000
642,Thundurus,329,1,TRUE,,FALSE,FALSE,Legendary,,TRUE,FALSE,,20000
643,Reshiram,330,1,TRUE,,FALSE,FALSE,Legendary,,TRUE,FALSE,,20000
644,Zekrom,331,1,TRUE,,FALSE,FALSE,Legendary,,TRUE,FALSE,,20000
645,Landorus,332,1,TRUE,,FALSE,FALSE,Legendary,,TRUE,FALSE,,20000
646,Kyurem,333,1,TRUE,,FALSE,FALSE,Legendary,,TRUE,FALSE,,20000
647,Keldeo,334,1,TRUE,,FALSE,FALSE,Mythical,,FALSE,FALSE,,20000
648,Meloetta,335,1,TRUE,,FALSE,FALSE,Mythical,,FALSE,FALSE,,20000
649,Genesect,336,1,TRUE,,FALSE,FALSE,Mythical,,FALSE,FALSE,,20000
650,Chespin,337,1,TRUE,25,TRUE,FALSE,,,TRUE,FALSE,,
651,Quilladin,337,2,TRUE,100,TRUE,FALSE,,,TRUE,FALSE,,
652,Chesnaught,337,3,TRUE,,FALSE,FALSE,,,TRUE,TRUE,,
653,Fennekin,338,1,TRUE,25,TRUE,FALSE,,,TRUE,FALSE,,
654,Braixen,338,2,TRUE,100,TRUE,FALSE,,,TRUE,FALSE,,
655,Delphox,338,3,TRUE,,FALSE,FALSE,,,TRUE,TRUE,,
656,Froakie,339,1,TRUE,25,TRUE,FALSE,,,TRUE,FALSE,,
657,Frogadier,339,2,TRUE,100,TRUE,FALSE,,,TRUE,FALSE,,
658,Greninja,339,3,TRUE,,FALSE,FALSE,,,TRUE,TRUE,,
659,Bunnelby,340,1,TRUE,50,TRUE,FALSE,,,TRUE,TRUE,,3000
660,Diggersby,340,2,TRUE,,FALSE,FALSE,,,TRUE,TRUE,,3000
661,Fletchling,341,1,TRUE,25,TRUE,FALSE,,,TRUE,FALSE,,
662,Fletchinder,341,2,TRUE,100,TRUE,FALSE,,,TRUE,FALSE,,
663,Talonflame,341,3,TRUE,,FALSE,FALSE,,,TRUE,TRUE,,
664,Scatterbug,342,1,TRUE,25,TRUE,FALSE,,,TRUE,FALSE,,
665,Spewpa,342,2,TRUE,100,TRUE,FALSE,,,TRUE,FALSE,,
666,Vivillon,342,3,TRUE,,FALSE,FALSE,,,TRUE,TRUE,,
667,Litleo,343,1,TRUE,50,TRUE,FALSE,,,TRUE,FALSE,,
668,Pyroar,343,2,TRUE,,FALSE,FALSE,,,TRUE,TRUE,,
669,Flabebe,344,1,TRUE,25,TRUE,FALSE,,,TRUE,FALSE,,
670,Floette,344,2,TRUE,100,TRUE,FALSE,,,TRUE,FALSE,,
671,Florges,344,3,TRUE,,FALSE,FALSE,,,TRUE,TRUE,,
672,Skiddo,345,1,TRUE,50,TRUE,FALSE,,,TRUE,FALSE,,
673,Gogoat,345,2,TRUE,,FALSE,FALSE,,,TRUE,TRUE,,
674,Pancham,346,1,TRUE,50,TRUE,FALSE,,,TRUE,FALSE,,
675,Pangoro,346,2,TRUE,,FALSE,FALSE,,,TRUE,TRUE,,
676,Furfrou,347,1,TRUE,,FALSE,FALSE,,,TRUE,TRUE,,
677,Espurr,348,1,TRUE,50,TRUE,FALSE,,,TRUE,FALSE,,
678,Meowstic,348,2,TRUE,,FALSE,FALSE,,,TRUE,TRUE,,
679,Honedge,349,1,FALSE,,TRUE,FALSE,,,TRUE,FALSE,,
680,Doublade,349,2,FALSE,,TRUE,FALSE,,,TRUE,FALSE,,
681,Aegislash,349,3,FALSE,,FALSE,FALSE,,,TRUE,FALSE,,
682,Spritzee,350,1,TRUE,50,TRUE,FALSE,,,TRUE,FALSE,,
683,Aromatisse,350,2,TRUE,,FALSE,FALSE,,,TRUE,TRUE,,
684,Swirlix,351,1,TRUE,50,TRUE,FALSE,,,TRUE,FALSE,,
685,Slurpuff,351,2,TRUE,,FALSE,FALSE,,,TRUE,TRUE,,
686,Inkay,352,1,TRUE,50,TRUE,FALSE,,,TRUE,FALSE,,
687,Malamar,352,2,TRUE,,FALSE,FALSE,,,TRUE,TRUE,,
688,Binacle,353,1,TRUE,50,TRUE,FALSE,,,TRUE,FALSE,,
689,Barbaracle,353,2,TRUE,,FALSE,FALSE,,,TRUE,TRUE,,
690,Skrelp,354,1,TRUE,50,TRUE,FALSE,,,TRUE,FALSE,,
691,Dragalge,354,2,TRUE,,FALSE,FALSE,,,TRUE,TRUE,,
692,Clauncher,355,1,TRUE,50,TRUE,FALSE,,,TRUE,FALSE,,
693,Clawitzer,355,2,TRUE,,FALSE,FALSE,,,TRUE,TRUE,,
694,Helioptile,356,1,TRUE,50,TRUE,FALSE,,,TRUE,FALSE,,
695,Heliolisk,356,2,TRUE,,FALSE,FALSE,,Sun Stone,TRUE,TRUE,,
696,Tyrunt,357,1,TRUE,50,TRUE,FALSE,,,TRUE,FALSE,,
697,Tyrantrum,357,2,TRUE,,FALSE,FALSE,,,TRUE,TRUE,,
698,Amaura,358,1,TRUE,50,TRUE,FALSE,,,TRUE,FALSE,,
699,Aurorus,358,2,TRUE,,FALSE,FALSE,,,TRUE,TRUE,,
700,Sylveon,67,2,TRUE,,FALSE,FALSE,,,TRUE,TRUE,,
701,Hawlucha,359,1,TRUE,,FALSE,FALSE,,,TRUE,FALSE,,
702,Dedenne,360,1,TRUE,,FALSE,FALSE,,,TRUE,TRUE,,
703,Carbink,361,1,TRUE,,FALSE,FALSE,,,TRUE,TRUE,,
704,Goomy,362,1,TRUE,25,TRUE,FALSE,,,TRUE,FALSE,,
705,Sliggoo,362,2,TRUE,100,TRUE,FALSE,,,TRUE,FALSE,,
706,Goodra,362,3,TRUE,,FALSE,FALSE,,,TRUE,TRUE,,
707,Klefki,363,1,TRUE,,FALSE,FALSE,,,TRUE,FALSE,,
708,Phantump,364,1,TRUE,200,TRUE,FALSE,,,TRUE,FALSE,,
709,Trevenant,364,2,TRUE,,FALSE,FALSE,,,TRUE,TRUE,,
710,Pumpkaboo,365,1,TRUE,200,TRUE,FALSE,,,TRUE,FALSE,,
711,Gourgeist,365,2,TRUE,,FALSE,FALSE,,,TRUE,TRUE,,
712,Bergmite,366,1,TRUE,50,TRUE,FALSE,,,TRUE,FALSE,,
713,Avalugg,366,2,TRUE,,FALSE,FALSE,,,TRUE,TRUE,,
714,Noibat,367,1,TRUE,400,TRUE,FALSE,,,TRUE,FALSE,,
715,Noivern,367,2,TRUE,,FALSE,FALSE,,,TRUE,TRUE,,
716,Xerneas,368,1,TRUE,,FALSE,FALSE,Legendary,,TRUE,FALSE,,20000
717,Yveltal,369,1,TRUE,,FALSE,FALSE,Legendary,,TRUE,FALSE,,20000
718,Zygarde,370,1,TRUE,,FALSE,FALSE,Legendary,,TRUE,FALSE,,20000
719,Diancie,371,1,TRUE,,FALSE,TRUE,Mythical,,FALSE,FALSE,,20000
720,Hoopa,372,1,TRUE,,FALSE,FALSE,Mythical,,FALSE,FALSE,,20000
721,Volcanion,373,1,FALSE,,FALSE,FALSE,Mythical,,FALSE,FALSE,,20000
722,Rowlet,374,1,TRUE,25,TRUE,FALSE,,,TRUE,FALSE,,
723,Dartrix,374,2,TRUE,100,TRUE,FALSE,,,TRUE,FALSE,,
724,Decidueye,374,3,TRUE,,FALSE,FALSE,,,TRUE,TRUE,,
725,Litten,375,1,TRUE,25,TRUE,FALSE,,,TRUE,FALSE,,
726,Torracat,375,2,TRUE,100,TRUE,FALSE,,,TRUE,FALSE,,
727,Incineroar,375,3,TRUE,,FALSE,FALSE,,,TRUE,TRUE,,
728,Popplio,376,1,TRUE,25,TRUE,FALSE,,,TRUE,FALSE,,
729,Brionne,376,2,TRUE,100,TRUE,FALSE,,,TRUE,FALSE,,
730,Primarina,376,3,TRUE,,FALSE,FALSE,,,TRUE,TRUE,,
731,Pikipek,377,1,TRUE,25,TRUE,FALSE,,,TRUE,FALSE,,
732,Trumbeak,377,2,TRUE,100,TRUE,FALSE,,,TRUE,FALSE,,
733,Toucannon,377,3,TRUE,,FALSE,FALSE,,,TRUE,FALSE,,
734,Yungoos,378,1,TRUE,50,TRUE,FALSE,,,TRUE,FALSE,,
735,Gumshoos,378,2,TRUE,,FALSE,FALSE,,,TRUE,TRUE,,
736,Grubbin,379,1,TRUE,25,TRUE,FALSE,,,TRUE,FALSE,,
737,Charjabug,379,2,TRUE,100,TRUE,FALSE,,,TRUE,FALSE,,
738,Vikavolt,379,3,TRUE,,FALSE,FALSE,,,TRUE,TRUE,,
739,Crabrawler,380,1,TRUE,50,TRUE,FALSE,,,TRUE,FALSE,,
740,Crabominable,380,2,TRUE,,FALSE,FALSE,,,TRUE,TRUE,,
741,Oricorio,381,1,TRUE,,FALSE,FALSE,,,TRUE,TRUE,,
742,Cutiefly,382,1,TRUE,50,TRUE,FALSE,,,TRUE,FALSE,,
743,Ribombee,382,2,TRUE,,FALSE,FALSE,,,TRUE,TRUE,,
744,Rockruff,383,1,TRUE,50,TRUE,FALSE,,,TRUE,FALSE,,
745,Lycanroc,383,2,TRUE,,FALSE,FALSE,,,TRUE,TRUE,,
746,Wishiwashi,384,1,FALSE,,FALSE,FALSE,,,TRUE,FALSE,,
747,Mareanie,385,1,TRUE,50,TRUE,FALSE,,,TRUE,FALSE,,
748,Toxapex,385,2,TRUE,,FALSE,FALSE,,,TRUE,TRUE,,
749,Mudbray,386,1,TRUE,50,TRUE,FALSE,,,TRUE,FALSE,,
750,Mudsdale,386,2,TRUE,,FALSE,FALSE,,,TRUE,TRUE,,
751,Dewpider,387,1,TRUE,50,TRUE,FALSE,,,TRUE,FALSE,,
752,Araquanid,387,2,TRUE,,FALSE,FALSE,,,TRUE,TRUE,,
753,Fomantis,388,1,TRUE,50,TRUE,FALSE,,,TRUE,FALSE,,
754,Lurantis,388,2,TRUE,,FALSE,FALSE,,,TRUE,TRUE,,
755,Morelull,389,1,TRUE,50,TRUE,FALSE,,,TRUE,FALSE,,
756,Shiinotic,389,2,TRUE,,FALSE,FALSE,,,TRUE,TRUE,,
757,Salandit,390,1,TRUE,50,TRUE,FALSE,,,TRUE,FALSE,,
758,Salazzle,390,2,TRUE,,FALSE,FALSE,,,TRUE,FALSE,,
759,Stufful,391,1,TRUE,400,TRUE,FALSE,,,TRUE,FALSE,,
760,Bewear,391,2,TRUE,,FALSE,FALSE,,,TRUE,TRUE,,
761,Bounsweet,392,1,TRUE,25,TRUE,FALSE,,,TRUE,FALSE,,
762,Steenee,392,2,TRUE,100,TRUE,FALSE,,,TRUE,FALSE,,
763,Tsareena,392,3,TRUE,,FALSE,FALSE,,,TRUE,TRUE,,
764,Comfey,393,1,TRUE,,FALSE,FALSE,,,TRUE,FALSE,,
765,Oranguru,394,1,TRUE,,FALSE,FALSE,,,TRUE,TRUE,,
766,Passimian,395,1,TRUE,,FALSE,FALSE,,,TRUE,TRUE,,
767,Wimpod,396,1,TRUE,400,TRUE,FALSE,,,TRUE,FALSE,,
768,Golisopod,396,2,TRUE,,FALSE,FALSE,,,TRUE,TRUE,,
769,Sandygast,397,1,TRUE,50,TRUE,FALSE,,,TRUE,FALSE,,
770,Palossand,397,2,TRUE,,FALSE,FALSE,,,TRUE,TRUE,,
771,Pyukumuku,398,1,FALSE,,FALSE,FALSE,,,TRUE,FALSE,,
772,Type: Null,399,1,FALSE,,TRUE,FALSE,Legendary,,TRUE,FALSE,,20000
773,Silvally,399,2,FALSE,,FALSE,FALSE,Legendary,,TRUE,FALSE,,20000
774,Minior,400,1,FALSE,,FALSE,FALSE,,,TRUE,FALSE,,
775,Komala,401,1,TRUE,,FALSE,FALSE,,,TRUE,TRUE,,
776,Turtonator,402,1,TRUE,,FALSE,FALSE,,,TRUE,TRUE,,
777,Togedemaru,403,1,TRUE,,FALSE,FALSE,,,TRUE,TRUE,,
778,Mimikyu,404,1,FALSE,,FALSE,FALSE,,,TRUE,FALSE,,
779,Bruxish,405,1,TRUE,,FALSE,FALSE,,,TRUE,TRUE,,
780,Drampa,406,1,TRUE,,FALSE,FALSE,,,TRUE,TRUE,,
781,Dhelmise,407,1,TRUE,,FALSE,FALSE,,,TRUE,FALSE,,
782,Jangmo-o,408,1,TRUE,25,TRUE,FALSE,,,TRUE,FALSE,,
783,Hakamo-o,408,2,TRUE,100,TRUE,FALSE,,,TRUE,FALSE,,
784,Kommo-o,408,3,TRUE,,FALSE,FALSE,,,TRUE,TRUE,,
785,Tapu Koko,409,1,TRUE,,FALSE,FALSE,Legendary,,TRUE,FALSE,,20000
786,Tapu Lele,410,1,TRUE,,FALSE,FALSE,Legendary,,TRUE,FALSE,,20000
787,Tapu Bulu,411,1,TRUE,,FALSE,FALSE,Legendary,,TRUE,FALSE,,20000
788,Tapu Fini,412,1,TRUE,,FALSE,FALSE,Legendary,,TRUE,FALSE,,20000
789,Cosmog,413,1,TRUE,25,TRUE,FALSE,Legendary,,TRUE,FALSE,,20000
790,Cosmoem,413,2,TRUE,100,TRUE,FALSE,Legendary,,TRUE,FALSE,,20000
791,Solgaleo,413,3,TRUE,,FALSE,FALSE,Legendary,,TRUE,FALSE,,20000
792,Lunala,413,3,TRUE,,FALSE,FALSE,Legendary,,TRUE,FALSE,,20000
793,Nihilego,414,1,TRUE,,FALSE,FALSE,Ultra Beast,,TRUE,TRUE,,20000
794,Buzzwole,415,1,TRUE,,FALSE,FALSE,Ultra Beast,,TRUE,TRUE,,20000
795,Pheromosa,416,1,TRUE,,FALSE,FALSE,Ultra Beast,,TRUE,TRUE,,20000
796,Xurkitree,417,1,TRUE,,FALSE,FALSE,Ultra Beast,,TRUE,TRUE,,20000
797,Celesteela,418,1,TRUE,,FALSE,FALSE,Ultra Beast,,TRUE,TRUE,,20000
798,Kartana,419,1,TRUE,,FALSE,FALSE,Ultra Beast,,TRUE,TRUE,,20000
799,Guzzlord,420,1,TRUE,,FALSE,FALSE,Ultra Beast,,TRUE,TRUE,,20000
800,Necrozma,421,1,TRUE,,FALSE,FALSE,Legendary,,TRUE,FALSE,,20000
801,Magearna,422,1,FALSE,,FALSE,FALSE,Mythical,,FALSE,FALSE,,20000
802,Marshadow,423,1,TRUE,,FALSE,FALSE,Mythical,,FALSE,FALSE,,20000
803,Poipole,424,1,TRUE,,TRUE,FALSE,Ultra Beast,,TRUE,FALSE,,
804,Naganadel,424,2,TRUE,,FALSE,FALSE,Ultra Beast,,TRUE,FALSE,,
805,Stakataka,425,1,TRUE,,FALSE,FALSE,Ultra Beast,,TRUE,TRUE,,20000
806,Blacephalon,426,1,TRUE,,FALSE,FALSE,Ultra Beast,,TRUE,TRUE,,20000
807,Zeraora,427,1,FALSE,,FALSE,FALSE,Mythical,,FALSE,FALSE,,20000
808,Meltan,428,1,TRUE,400,TRUE,FALSE,Mythical,,TRUE,TRUE,,20000
809,Melmetal,428,2,TRUE,,FALSE,FALSE,Mythical,,TRUE,TRUE,,20000
810,Grookey,429,1,TRUE,25,TRUE,FALSE,,,TRUE,FALSE,,
811,Thwackey,429,2,TRUE,100,TRUE,FALSE,,,TRUE,FALSE,,
812,Rillaboom,429,3,TRUE,,FALSE,FALSE,,,TRUE,FALSE,,
813,Scorbunny,430,1,TRUE,25,TRUE,FALSE,,,TRUE,FALSE,,
814,Raboot,430,2,TRUE,100,TRUE,FALSE,,,TRUE,FALSE,,
815,Cinderace,430,3,TRUE,,FALSE,FALSE,,,TRUE,FALSE,,
816,Sobble,431,1,TRUE,25,TRUE,FALSE,,,TRUE,FALSE,,
817,Drizzile,431,2,TRUE,100,TRUE,FALSE,,,TRUE,FALSE,,
818,Inteleon,431,3,TRUE,,FALSE,FALSE,,,TRUE,FALSE,,
819,Skwovet,432,1,TRUE,50,TRUE,FALSE,,,TRUE,FALSE,,
820,Greedent,432,2,TRUE,,FALSE,FALSE,,,TRUE,TRUE,,
821,Rookidee,433,1,TRUE,25,TRUE,FALSE,,,TRUE,FALSE,,
822,Corvisquire,433,2,TRUE,100,TRUE,FALSE,,,TRUE,FALSE,,
823,Corviknight,433,3,TRUE,,FALSE,FALSE,,,TRUE,FALSE,,
824,Blipbug,434,1,FALSE,,TRUE,FALSE,,,TRUE,FALSE,,
825,Dottler,434,2,FALSE,,TRUE,FALSE,,,TRUE,FALSE,,
826,Orbeetle,434,3,FALSE,,FALSE,FALSE,,,TRUE,FALSE,,
827,Nickit,435,1,TRUE,50,TRUE,FALSE,,,TRUE,FALSE,,
828,Thievul,435,2,TRUE,,FALSE,FALSE,,,TRUE,FALSE,,
829,Gossifleur,436,1,TRUE,50,TRUE,FALSE,,,TRUE,FALSE,,
830,Eldegoss,436,2,TRUE,,FALSE,FALSE,,,TRUE,FALSE,,
831,Wooloo,437,1,TRUE,50,TRUE,FALSE,,,TRUE,FALSE,,
832,Dubwool,437,2,TRUE,,FALSE,FALSE,,,TRUE,TRUE,,
833,Chewtle,438,1,FALSE,,TRUE,FALSE,,,TRUE,FALSE,,
834,Drednaw,438,2,FALSE,,FALSE,FALSE,,,TRUE,FALSE,,
835,Yamper,439,1,FALSE,,TRUE,FALSE,,,TRUE,FALSE,,
836,Boltund,439,2,FALSE,,FALSE,FALSE,,,TRUE,FALSE,,
837,Rolycoly,440,1,FALSE,,TRUE,FALSE,,,TRUE,FALSE,,
838,Carkol,440,2,FALSE,,TRUE,FALSE,,,TRUE,FALSE,,
839,Coalossal,440,3,FALSE,,FALSE,FALSE,,,TRUE,FALSE,,
840,Applin,441,1,TRUE,200,TRUE,FALSE,,,TRUE,FALSE,,
841,Flapple,441,2,TRUE,,FALSE,FALSE,,Tart Apple,TRUE,FALSE,,
842,Appletun,441,2,TRUE,,FALSE,FALSE,,Sweet Apple,TRUE,FALSE,,
843,Silicobra,442,1,FALSE,,TRUE,FALSE,,,TRUE,FALSE,,
844,Sandaconda,442,2,FALSE,,FALSE,FALSE,,,TRUE,FALSE,,
845,Cramorant,443,1,FALSE,,FALSE,FALSE,,,TRUE,FALSE,,
846,Arrokuda,444,1,FALSE,,TRUE,FALSE,,,TRUE,FALSE,,
847,Barraskewda,444,2,FALSE,,FALSE,FALSE,,,TRUE,FALSE,,
848,Toxel,445,1,TRUE,50,TRUE,FALSE,,,TRUE,FALSE,,
849,Toxtricity,445,2,TRUE,,FALSE,FALSE,,,TRUE,TRUE,,
850,Sizzlipede,446,1,TRUE,50,TRUE,FALSE,,,TRUE,FALSE,,
851,Centiskorch,446,2,TRUE,,FALSE,FALSE,,,TRUE,FALSE,,
852,Clobbopus,447,1,FALSE,,TRUE,FALSE,,,TRUE,FALSE,,
853,Grapploct,447,2,FALSE,,FALSE,FALSE,,,TRUE,FALSE,,
854,Sinistea,448,1,TRUE,50,TRUE,FALSE,,,TRUE,FALSE,,
855,Polteageist,448,2,TRUE,,FALSE,FALSE,,,TRUE,FALSE,,
856,Hatenna,449,1,TRUE,25,TRUE,FALSE,,,TRUE,FALSE,,
857,Hattrem,449,2,TRUE,100,TRUE,FALSE,,,TRUE,FALSE,,
858,Hatterene,449,3,TRUE,,FALSE,FALSE,,,TRUE,FALSE,,
859,Impidimp,450,1,FALSE,,TRUE,FALSE,,,TRUE,FALSE,,
860,Morgrem,450,2,FALSE,,TRUE,FALSE,,,TRUE,FALSE,,
861,Grimmsnarl,450,3,FALSE,,FALSE,FALSE,,,TRUE,FALSE,,
862,Obstagoon,134,3,TRUE,,FALSE,FALSE,,,TRUE,TRUE,,
863,Perrserker,22,2,TRUE,,FALSE,FALSE,,,TRUE,TRUE,,
864,Cursola,113,2,TRUE,,FALSE,FALSE,,,TRUE,TRUE,,
865,Sirfetch'd,35,2,TRUE,,FALSE,FALSE,,,TRUE,TRUE,,
866,Mr. Rime,57,2,TRUE,,FALSE,FALSE,,,TRUE,TRUE,,
867,Runerigus,287,2,TRUE,,FALSE,FALSE,,,TRUE,TRUE,,
868,Milcery,451,1,FALSE,,TRUE,FALSE,,,TRUE,FALSE,,
869,Alcremie,451,2,FALSE,,FALSE,FALSE,,,TRUE,FALSE,,
870,Falinks,452,1,TRUE,,FALSE,FALSE,,,TRUE,TRUE,,
871,Pincurchin,453,1,FALSE,,FALSE,FALSE,,,TRUE,FALSE,,
872,Snom,454,1,FALSE,,TRUE,FALSE,,,TRUE,FALSE,,
873,Frosmoth,454,2,FALSE,,FALSE,FALSE,,,TRUE,FALSE,,
874,Stonjourner,455,1,TRUE,,FALSE,FALSE,,,TRUE,FALSE,,
875,Eiscue,456,1,FALSE,,FALSE,FALSE,,,TRUE,FALSE,,
876,Indeedee,457,1,FALSE,,FALSE,FALSE,,,TRUE,FALSE,,
877,Morpeko,458,1,TRUE,,FALSE,FALSE,,,TRUE,FALSE,,
878,Cufant,459,1,FALSE,,TRUE,FALSE,,,TRUE,FALSE,,
879,Copperajah,459,2,FALSE,,FALSE,FALSE,,,TRUE,FALSE,,
880,Dracozolt,460,1,FALSE,,FALSE,FALSE,,,TRUE,FALSE,,
881,Arctozolt,461,1,FALSE,,FALSE,FALSE,,,TRUE,FALSE,,
882,Dracovish,462,1,FALSE,,FALSE,FALSE,,,TRUE,FALSE,,
883,Arctovish,463,1,FALSE,,FALSE,FALSE,,,TRUE,FALSE,,
884,Duraludon,464,1,FALSE,,TRUE,FALSE,,,TRUE,FALSE,,
885,Dreepy,465,1,TRUE,25,TRUE,FALSE,,,TRUE,FALSE,,
886,Drakloak,465,2,TRUE,100,TRUE,FALSE,,,TRUE,FALSE,,
887,Dragapult,465,3,TRUE,,FALSE,FALSE,,,TRUE,FALSE,,
888,Zacian,466,1,TRUE,,FALSE,FALSE,Legendary,,TRUE,FALSE,,20000
889,Zamazenta,467,1,TRUE,,FALSE,FALSE,Legendary,,TRUE,FALSE,,20000
890,Eternatus,468,1,TRUE,,FALSE,FALSE,Legendary,,TRUE,FALSE,,20000
891,Kubfu,469,1,TRUE,200,TRUE,FALSE,Legendary,,TRUE,FALSE,,
892,Urshifu,469,2,TRUE,,FALSE,FALSE,Legendary,,TRUE,FALSE,,20000
893,Zarude,470,1,TRUE,,FALSE,FALSE,Mythical,,FALSE,FALSE,,20000
894,Regieleki,471,1,TRUE,,FALSE,FALSE,Legendary,,TRUE,FALSE,,20000
895,Regidrago,472,1,TRUE,,FALSE,FALSE,Legendary,,TRUE,FALSE,,20000
896,Glastrier,473,1,FALSE,,FALSE,FALSE,Legendary,,TRUE,FALSE,,20000
897,Spectrier,474,1,FALSE,,FALSE,FALSE,Legendary,,TRUE,FALSE,,20000
898,Calyrex,475,1,FALSE,,FALSE,FALSE,Legendary,,TRUE,FALSE,,20000
899,Wyrdeer,120,2,TRUE,,FALSE,FALSE,,,TRUE,TRUE,,3000
900,Kleavor,58,2,TRUE,,FALSE,FALSE,,,TRUE,TRUE,,5000
901,Ursaluna,110,3,TRUE,,FALSE,FALSE,,,TRUE,TRUE,,3000
902,Basculegion,280,2,FALSE,,FALSE,FALSE,,,TRUE,FALSE,,
903,Sneasler,109,2,TRUE,,FALSE,FALSE,,,TRUE,TRUE,,
904,Overqwil,106,2,TRUE,,FALSE,FALSE,,,TRUE,TRUE,,
905,Enamorus,476,1,TRUE,,FALSE,FALSE,Legendary,,TRUE,FALSE,,
906,Sprigatito,477,1,TRUE,25,TRUE,FALSE,,,TRUE,FALSE,,
907,Floragato,477,2,TRUE,100,TRUE,FALSE,,,TRUE,FALSE,,
908,Meowscarada,477,3,TRUE,,FALSE,FALSE,,,TRUE,TRUE,,
909,Fuecoco,478,1,TRUE,25,TRUE,FALSE,,,TRUE,FALSE,,
910,Crocalor,478,2,TRUE,100,TRUE,FALSE,,,TRUE,FALSE,,
911,Skeledirge,478,3,TRUE,,FALSE,FALSE,,,TRUE,TRUE,,
912,Quaxly,479,1,TRUE,25,TRUE,FALSE,,,TRUE,FALSE,,
913,Quaxwell,479,2,TRUE,100,TRUE,FALSE,,,TRUE,FALSE,,
914,Quaquaval,479,3,TRUE,,FALSE,FALSE,,,TRUE,FALSE,,
915,Lechonk,480,1,TRUE,50,TRUE,FALSE,,,TRUE,FALSE,,
916,Oinkologne,480,2,TRUE,,FALSE,FALSE,,,TRUE,TRUE,,
917,Tarountula,481,1,FALSE,,TRUE,FALSE,,,TRUE,FALSE,,
918,Spidops,481,2,FALSE,,FALSE,FALSE,,,TRUE,FALSE,,
919,Nymble,482,1,TRUE,50,TRUE,FALSE,,,TRUE,FALSE,,
920,Lokix,482,2,TRUE,,FALSE,FALSE,,,TRUE,TRUE,,
921,Pawmi,483,1,TRUE,25,TRUE,FALSE,,,TRUE,FALSE,,
922,Pawmo,483,2,TRUE,100,TRUE,FALSE,,,TRUE,FALSE,,
923,Pawmot,483,3,TRUE,,FALSE,FALSE,,,TRUE,TRUE,,
924,Tandemaus,484,1,TRUE,50,TRUE,FALSE,,,TRUE,FALSE,,
925,Maushold,484,2,TRUE,,FALSE,FALSE,,,TRUE,FALSE,,
926,Fidough,485,1,TRUE,50,TRUE,FALSE,,,TRUE,FALSE,,
927,Dachsbun,485,2,TRUE,,FALSE,FALSE,,,TRUE,FALSE,,
928,Smoliv,486,1,TRUE,25,TRUE,FALSE,,,TRUE,FALSE,,
929,Dolliv,486,2,TRUE,100,TRUE,FALSE,,,TRUE,FALSE,,
930,Arboliva,486,3,TRUE,,FALSE,FALSE,,,TRUE,TRUE,,
931,Squawkabilly,487,1,FALSE,,FALSE,FALSE,,,TRUE,FALSE,,
932,Nacli,488,1,FALSE,,TRUE,FALSE,,,TRUE,FALSE,,
933,Naclstack,488,2,FALSE,,TRUE,FALSE,,,TRUE,FALSE,,
934,Garganacl,488,3,FALSE,,FALSE,FALSE,,,TRUE,FALSE,,
935,Charcadet,489,1,TRUE,50,TRUE,FALSE,,,TRUE,FALSE,,
936,Armarouge,489,2,TRUE,,FALSE,FALSE,,,TRUE,TRUE,,
937,Ceruledge,489,2,TRUE,,FALSE,FALSE,,,TRUE,TRUE,,
938,Tadbulb,490,1,TRUE,50,TRUE,FALSE,,,TRUE,FALSE,,
939,Bellibolt,490,2,TRUE,,FALSE,FALSE,,,TRUE,FALSE,,
940,Wattrel,491,1,FALSE,,TRUE,FALSE,,,TRUE,FALSE,,
941,Kilowattrel,491,2,FALSE,,FALSE,FALSE,,,TRUE,FALSE,,
942,Maschiff,492,1,FALSE,,TRUE,FALSE,,,TRUE,FALSE,,
943,Mabosstiff,492,2,FALSE,,FALSE,FALSE,,,TRUE,FALSE,,
944,Shroodle,493,1,TRUE,50,TRUE,FALSE,,,TRUE,FALSE,,
945,Grafaiai,493,2,TRUE,,FALSE,FALSE,,,TRUE,FALSE,,
946,Bramblin,494,1,FALSE,,TRUE,FALSE,,,TRUE,FALSE,,
947,Brambleghast,494,2,FALSE,,FALSE,FALSE,,,TRUE,FALSE,,
948,Toedscool,495,1,FALSE,,TRUE,FALSE,,,TRUE,FALSE,,
949,Toedscruel,495,2,FALSE,,FALSE,FALSE,,,TRUE,FALSE,,
950,Klawf,496,1,FALSE,,FALSE,FALSE,,,TRUE,FALSE,,
951,Capsakid,497,1,FALSE,,TRUE,FALSE,,,TRUE,FALSE,,
952,Scovillain,497,2,FALSE,,FALSE,FALSE,,,TRUE,FALSE,,
953,Rellor,498,1,FALSE,,TRUE,FALSE,,,TRUE,FALSE,,
954,Rabsca,498,2,FALSE,,FALSE,FALSE,,,TRUE,FALSE,,
955,Flittle,499,1,FALSE,,TRUE,FALSE,,,TRUE,FALSE,,
956,Espathra,499,2,FALSE,,FALSE,FALSE,,,TRUE,FALSE,,
957,Tinkatink,500,1,TRUE,25,TRUE,FALSE,,,TRUE,FALSE,,
958,Tinkatuff,500,2,TRUE,100,TRUE,FALSE,,,TRUE,FALSE,,
959,Tinkaton,500,3,TRUE,,FALSE,FALSE,,,TRUE,FALSE,,
960,Wiglett,501,1,TRUE,50,TRUE,FALSE,,,TRUE,FALSE,,
961,Wugtrio,501,2,TRUE,,FALSE,FALSE,,,TRUE,FALSE,,
962,Bombirdier,502,1,TRUE,,FALSE,FALSE,,,TRUE,TRUE,,
963,Finizen,503,1,FALSE,,TRUE,FALSE,,,TRUE,FALSE,,
964,Palafin,503,2,FALSE,,FALSE,FALSE,,,TRUE,FALSE,,
965,Varoom,504,1,TRUE,50,TRUE,FALSE,,,TRUE,FALSE,,
966,Revavroom,504,2,TRUE,,FALSE,FALSE,,,TRUE,FALSE,,
967,Cyclizar,505,1,FALSE,,FALSE,FALSE,,,TRUE,FALSE,,
968,Orthworm,506,1,FALSE,,FALSE,FALSE,,,TRUE,FALSE,,
969,Glimmet,507,1,FALSE,,TRUE,FALSE,,,TRUE,FALSE,,
970,Glimmora,507,2,FALSE,,FALSE,FALSE,,,TRUE,FALSE,,
971,Greavard,508,1,TRUE,50,TRUE,FALSE,,,TRUE,FALSE,,
972,Houndstone,508,2,TRUE,,FALSE,FALSE,,,TRUE,FALSE,,
973,Flamigo,509,1,FALSE,,FALSE,FALSE,,,TRUE,FALSE,,
974,Cetoddle,510,1,TRUE,50,TRUE,FALSE,,,TRUE,FALSE,,
975,Cetitan,510,2,TRUE,,FALSE,FALSE,,,TRUE,TRUE,,
976,Veluza,511,1,FALSE,,FALSE,FALSE,,,TRUE,FALSE,,
977,Dondozo,512,1,FALSE,,FALSE,FALSE,,,TRUE,FALSE,,
978,Tatsugiri,513,1,FALSE,,FALSE,FALSE,,,TRUE,FALSE,,
979,Annihilape,24,3,TRUE,,FALSE,FALSE,,,TRUE,TRUE,,
980,Clodsire,96,2,TRUE,,FALSE,FALSE,,,TRUE,TRUE,,
981,Farigiraf,101,2,FALSE,,FALSE,FALSE,,,TRUE,FALSE,,3000
982,Dudunsparce,103,2,FALSE,,FALSE,FALSE,,,TRUE,FALSE,,
983,Kingambit,317,3,TRUE,,FALSE,FALSE,,,TRUE,TRUE,,
984,Great Tusk,514,1,FALSE,,FALSE,FALSE,,,TRUE,FALSE,,
985,Scream Tail,515,1,FALSE,,FALSE,FALSE,,,TRUE,FALSE,,
986,Brute Bonnet,516,1,FALSE,,FALSE,FALSE,,,TRUE,FALSE,,
987,Flutter Mane,517,1,FALSE,,FALSE,FALSE,,,TRUE,FALSE,,
988,Slither Wing,518,1,FALSE,,FALSE,FALSE,,,TRUE,FALSE,,
989,Sandy Shocks,519,1,FALSE,,FALSE,FALSE,,,TRUE,FALSE,,
990,Iron Treads,520,1,FALSE,,FALSE,FALSE,,,TRUE,FALSE,,
991,Iron Bundle,521,1,FALSE,,FALSE,FALSE,,,TRUE,FALSE,,
992,Iron Hands,522,1,FALSE,,FALSE,FALSE,,,TRUE,FALSE,,
993,Iron Jugulis,523,1,FALSE,,FALSE,FALSE,,,TRUE,FALSE,,
994,Iron Moth,524,1,FALSE,,FALSE,FALSE,,,TRUE,FALSE,,
995,Iron Thorns,525,1,FALSE,,FALSE,FALSE,,,TRUE,FALSE,,
996,Frigibax,526,1,TRUE,25,TRUE,FALSE,,,TRUE,FALSE,,
997,Arctibax,526,2,TRUE,100,TRUE,FALSE,,,TRUE,FALSE,,
998,Baxcalibur,526,3,TRUE,,FALSE,FALSE,,,TRUE,TRUE,,
999,Gimmighoul,527,1,TRUE,,TRUE,FALSE,,,TRUE,FALSE,,
1000,Gholdengo,527,2,TRUE,,FALSE,FALSE,,Gimmighoul Coin,TRUE,FALSE,,
1001,Wo-Chien,528,1,FALSE,,FALSE,FALSE,Legendary,,TRUE,FALSE,,20000
1002,Chien-Pao,529,1,FALSE,,FALSE,FALSE,Legendary,,TRUE,FALSE,,20000
1003,Ting-Lu,530,1,FALSE,,FALSE,FALSE,Legendary,,TRUE,FALSE,,20000
1004,Chi-Yu,531,1,FALSE,,FALSE,FALSE,Legendary,,TRUE,FALSE,,20000
1005,Roaring Moon,532,1,FALSE,,FALSE,FALSE,,,TRUE,FALSE,,
1006,Iron Valiant,533,1,FALSE,,FALSE,FALSE,,,TRUE,FALSE,,
1007,Koraidon,534,1,FALSE,,FALSE,FALSE,Legendary,,TRUE,FALSE,,20000
1008,Miraidon,535,1,FALSE,,FALSE,FALSE,Legendary,,TRUE,FALSE,,20000
1009,Walking Wake,536,1,FALSE,,FALSE,FALSE,Legendary,,TRUE,FALSE,,20000
1010,Iron Leaves,537,1,FALSE,,FALSE,FALSE,Legendary,,TRUE,FALSE,,20000
1011,Dipplin,441,2,FALSE,,TRUE,FALSE,,,TRUE,FALSE,,
1012,Poltchageist,538,1,FALSE,,TRUE,FALSE,,,TRUE,FALSE,,
1013,Sinistcha,538,2,FALSE,,FALSE,FALSE,,,TRUE,FALSE,,
1014,Okidogi,539,1,FALSE,,FALSE,FALSE,Legendary,,TRUE,FALSE,,20000
1015,Munkidori,540,1,FALSE,,FALSE,FALSE,Legendary,,TRUE,FALSE,,20000
1016,Fezandipiti,541,1,FALSE,,FALSE,FALSE,Legendary,,TRUE,FALSE,,20000
1017,Ogerpon,542,1,FALSE,,FALSE,FALSE,Legendary,,TRUE,FALSE,,20000
1018,Archaludon,464,2,FALSE,,FALSE,FALSE,,,TRUE,FALSE,,
1019,Hydrapple,441,3,FALSE,,FALSE,FALSE,,,TRUE,FALSE,,
1020,Gouging Fire,543,1,FALSE,,FALSE,FALSE,Legendary,,TRUE,FALSE,,20000
1021,Raging Bolt,544,1,FALSE,,FALSE,FALSE,Legendary,,TRUE,FALSE,,20000
1022,Iron Boulder,545,1,FALSE,,FALSE,FALSE,Legendary,,TRUE,FALSE,,20000
1023,Iron Crown,546,1,FALSE,,FALSE,FALSE,Legendary,,TRUE,FALSE,,20000
1024,Terapagos,547,1,FALSE,,FALSE,FALSE,Legendary,,TRUE,FALSE,,20000
1025,Pecharunt,548,1,FALSE,,FALSE,FALSE,Mythical,,FALSE,FALSE,,20000